Fecha,Generación,Tipo fuente
2025-03-01 00:00:00,3.2043890899999994,Biomasa
2025-03-01 00:00:00,0.33309528000000005,Eólica
2025-03-01 00:00:00,13.027244350000002,Solar
2025-03-02 00:00:00,3.1239622199999997,Biomasa
2025-03-02 00:00:00,0.49458306,Eólica
2025-03-02 00:00:00,10.66024243,Solar
2025-03-03 00:00:00,3.09990597,Biomasa
2025-03-03 00:00:00,0.4196894299999999,Eólica
2025-03-03 00:00:00,10.83215817,Solar
2025-03-04 00:00:00,2.920865960000001,Biomasa
2025-03-04 00:00:00,0.34925572000000005,Eólica
2025-03-04 00:00:00,11.950875619999998,Solar
2025-03-05 00:00:00,2.6188239700000002,Biomasa
2025-03-05 00:00:00,0.30618229,Eólica
2025-03-05 00:00:00,10.8553992,Solar
2025-03-06 00:00:00,2.3176892099999997,Biomasa
2025-03-06 00:00:00,0.26967678000000006,Eólica
2025-03-06 00:00:00,10.01988157,Solar
2025-03-07 00:00:00,2.4411101699999995,Biomasa
2025-03-07 00:00:00,0.34451293999999993,Eólica
2025-03-07 00:00:00,11.66595953,Solar
2025-03-08 00:00:00,2.4874264999999998,Biomasa
2025-03-08 00:00:00,0.34416102000000004,Eólica
2025-03-08 00:00:00,13.6790229,Solar
2025-03-09 00:00:00,2.56147594,Biomasa
2025-03-09 00:00:00,0.41208175999999996,Eólica
2025-03-09 00:00:00,14.05711002,Solar
2025-03-10 00:00:00,2.6620168499999997,Biomasa
2025-03-10 00:00:00,0.40818369,Eólica
2025-03-10 00:00:00,12.160389729999997,Solar
2025-03-11 00:00:00,2.9220128099999996,Biomasa
2025-03-11 00:00:00,0.36763625999999994,Eólica
2025-03-11 00:00:00,12.604561690000002,Solar
2025-03-12 00:00:00,2.6261693,Biomasa
2025-03-12 00:00:00,0.35321020999999997,Eólica
2025-03-12 00:00:00,12.260160330000003,Solar
2025-03-13 00:00:00,2.43842875,Biomasa
2025-03-13 00:00:00,0.36136946000000003,Eólica
2025-03-13 00:00:00,12.706610539999996,Solar
2025-03-14 00:00:00,2.5413577,Biomasa
2025-03-14 00:00:00,0.34752704,Eólica
2025-03-14 00:00:00,10.926603139999997,Solar
2025-03-15 00:00:00,2.7028005,Biomasa
2025-03-15 00:00:00,0.37211643,Eólica
2025-03-15 00:00:00,11.676002329999998,Solar
2025-03-16 00:00:00,2.22254439,Biomasa
2025-03-16 00:00:00,0.39219449999999995,Eólica
2025-03-16 00:00:00,11.854790160000004,Solar
2025-03-17 00:00:00,2.11117313,Biomasa
2025-03-17 00:00:00,0.46999637,Eólica
2025-03-17 00:00:00,9.951947519999997,Solar
2025-03-18 00:00:00,2.2728748,Biomasa
2025-03-18 00:00:00,0.29373084,Eólica
2025-03-18 00:00:00,10.421211340000001,Solar
2025-03-19 00:00:00,2.25573307,Biomasa
2025-03-19 00:00:00,0.30855446999999997,Eólica
2025-03-19 00:00:00,12.090040320000002,Solar
2025-03-20 00:00:00,2.4747345499999995,Biomasa
2025-03-20 00:00:00,0.46120952000000004,Eólica
2025-03-20 00:00:00,12.045940360000003,Solar
2025-03-21 00:00:00,2.6714473300000003,Biomasa
2025-03-21 00:00:00,0.50137955,Eólica
2025-03-21 00:00:00,11.104872179999997,Solar
2025-03-22 00:00:00,2.7031443200000003,Biomasa
2025-03-22 00:00:00,0.56637334,Eólica
2025-03-22 00:00:00,13.61204957,Solar
2025-03-23 00:00:00,2.8433109899999995,Biomasa
2025-03-23 00:00:00,0.5850094099999998,Eólica
2025-03-23 00:00:00,14.70809675,Solar
2025-03-24 00:00:00,2.89356574,Biomasa
2025-03-24 00:00:00,0.57940032,Eólica
2025-03-24 00:00:00,15.18695855,Solar
2025-03-25 00:00:00,2.8709565799999996,Biomasa
2025-03-25 00:00:00,0.53416713,Eólica
2025-03-25 00:00:00,13.581910340000004,Solar
2025-03-26 00:00:00,2.75088291,Biomasa
2025-03-26 00:00:00,0.50358607,Eólica
2025-03-26 00:00:00,10.52482097,Solar
2025-03-27 00:00:00,2.8047574199999996,Biomasa
2025-03-27 00:00:00,0.49775643,Eólica
2025-03-27 00:00:00,12.640915249999995,Solar
2025-03-28 00:00:00,2.78192862,Biomasa
2025-03-28 00:00:00,0.50821087,Eólica
2025-03-28 00:00:00,11.269045579999998,Solar
2025-03-29 00:00:00,2.4339691,Biomasa
2025-03-29 00:00:00,0.5423896300000001,Eólica
2025-03-29 00:00:00,12.102273360000003,Solar
2025-03-30 00:00:00,2.35845132,Biomasa
2025-03-30 00:00:00,0.5214333,Eólica
2025-03-30 00:00:00,9.19610131,Solar
2025-03-31 00:00:00,2.25542312,Biomasa
2025-03-31 00:00:00,0.40293617,Eólica
2025-03-31 00:00:00,11.278743130000002,Solar
2025-04-01 00:00:00,2.24567591,Biomasa
2025-04-01 00:00:00,0.48637601999999996,Eólica
2025-04-01 00:00:00,12.309376479999997,Solar
2025-04-02 00:00:00,2.16610219,Biomasa
2025-04-02 00:00:00,0.53263851,Eólica
2025-04-02 00:00:00,11.301525259999996,Solar
2025-04-03 00:00:00,2.20952427,Biomasa
2025-04-03 00:00:00,0.54790709,Eólica
2025-04-03 00:00:00,11.479999130000001,Solar
2025-04-04 00:00:00,2.1778382199999995,Biomasa
2025-04-04 00:00:00,0.5584728,Eólica
2025-04-04 00:00:00,10.491984280000002,Solar
2025-04-05 00:00:00,1.99637202,Biomasa
2025-04-05 00:00:00,0.51075048,Eólica
2025-04-05 00:00:00,13.07773467,Solar
2025-04-06 00:00:00,2.00221123,Biomasa
2025-04-06 00:00:00,0.5483765100000001,Eólica
2025-04-06 00:00:00,11.408124000000003,Solar
2025-04-07 00:00:00,1.87134468,Biomasa
2025-04-07 00:00:00,0.48321868,Eólica
2025-04-07 00:00:00,11.786654290000007,Solar
2025-04-08 00:00:00,1.97681809,Biomasa
2025-04-08 00:00:00,0.4592137600000001,Eólica
2025-04-08 00:00:00,12.932553280000002,Solar
2025-04-09 00:00:00,1.84747808,Biomasa
2025-04-09 00:00:00,0.41011485000000003,Eólica
2025-04-09 00:00:00,9.497169659999997,Solar
2025-04-10 00:00:00,2.39342421,Biomasa
2025-04-10 00:00:00,0.39658236,Eólica
2025-04-10 00:00:00,7.960313789999998,Solar
2025-04-11 00:00:00,2.0307352300000003,Biomasa
2025-04-11 00:00:00,0.29641231999999995,Eólica
2025-04-11 00:00:00,9.565362129999995,Solar
2025-04-12 00:00:00,2.03051122,Biomasa
2025-04-12 00:00:00,0.29909290999999993,Eólica
2025-04-12 00:00:00,12.988461419999998,Solar
2025-04-13 00:00:00,1.7373145900000002,Biomasa
2025-04-13 00:00:00,0.42749561999999997,Eólica
2025-04-13 00:00:00,13.651012340000007,Solar
2025-04-14 00:00:00,1.9783463,Biomasa
2025-04-14 00:00:00,0.5146799,Eólica
2025-04-14 00:00:00,14.509568050000002,Solar
2025-04-15 00:00:00,2.23576374,Biomasa
2025-04-15 00:00:00,0.5246086999999999,Eólica
2025-04-15 00:00:00,14.01984359,Solar
2025-04-16 00:00:00,2.3578881500000004,Biomasa
2025-04-16 00:00:00,0.45862094,Eólica
2025-04-16 00:00:00,13.595232529999997,Solar
2025-04-17 00:00:00,2.0202104100000002,Biomasa
2025-04-17 00:00:00,0.45957355000000005,Eólica
2025-04-17 00:00:00,11.617207429999997,Solar
2025-04-18 00:00:00,2.29943305,Biomasa
2025-04-18 00:00:00,0.50316072,Eólica
2025-04-18 00:00:00,13.43756389,Solar
2025-04-19 00:00:00,2.0942523000000004,Biomasa
2025-04-19 00:00:00,0.5342060800000001,Eólica
2025-04-19 00:00:00,11.748482190000002,Solar
2025-04-20 00:00:00,2.0170495600000002,Biomasa
2025-04-20 00:00:00,0.51802477,Eólica
2025-04-20 00:00:00,12.266212029999997,Solar
2025-04-21 00:00:00,1.9087406200000003,Biomasa
2025-04-21 00:00:00,0.45424918000000003,Eólica
2025-04-21 00:00:00,9.436293039999999,Solar
2025-04-22 00:00:00,2.1453768699999998,Biomasa
2025-04-22 00:00:00,0.48260408999999993,Eólica
2025-04-22 00:00:00,8.717547469999998,Solar
2025-04-23 00:00:00,2.23974974,Biomasa
2025-04-23 00:00:00,0.3771076900000001,Eólica
2025-04-23 00:00:00,9.683832319999993,Solar
2025-04-24 00:00:00,2.09867655,Biomasa
2025-04-24 00:00:00,0.39028345,Eólica
2025-04-24 00:00:00,9.393723419999999,Solar
2025-04-25 00:00:00,2.07637312,Biomasa
2025-04-25 00:00:00,0.40557698,Eólica
2025-04-25 00:00:00,8.607253809999998,Solar
2025-04-26 00:00:00,2.1289378599999997,Biomasa
2025-04-26 00:00:00,0.38971790000000006,Eólica
2025-04-26 00:00:00,6.613535790000002,Solar
2025-04-27 00:00:00,2.17073,Biomasa
2025-04-27 00:00:00,0.37410635999999997,Eólica
2025-04-27 00:00:00,10.450659649999999,Solar
2025-04-28 00:00:00,1.9811330999999999,Biomasa
2025-04-28 00:00:00,0.45611425999999994,Eólica
2025-04-28 00:00:00,9.677301780000002,Solar
2025-04-29 00:00:00,2.13774383,Biomasa
2025-04-29 00:00:00,0.39810234,Eólica
2025-04-29 00:00:00,10.105123080000002,Solar
2025-04-30 00:00:00,1.5369188099999995,Biomasa
2025-04-30 00:00:00,0.32799923999999997,Eólica
2025-04-30 00:00:00,10.212398059999998,Solar
2025-05-01 00:00:00,1.9583770500000002,Biomasa
2025-05-01 00:00:00,0.29236208,Eólica
2025-05-01 00:00:00,9.540724660000002,Solar
2025-05-02 00:00:00,1.9020342799999999,Biomasa
2025-05-02 00:00:00,0.32102481,Eólica
2025-05-02 00:00:00,9.954681000000003,Solar
2025-05-03 00:00:00,1.6897540599999998,Biomasa
2025-05-03 00:00:00,0.28616252,Eólica
2025-05-03 00:00:00,8.5407516,Solar
2025-05-04 00:00:00,1.5749088499999997,Biomasa
2025-05-04 00:00:00,0.26667171999999995,Eólica
2025-05-04 00:00:00,11.844500970000002,Solar
2025-05-05 00:00:00,1.7450284299999999,Biomasa
2025-05-05 00:00:00,0.25919316000000003,Eólica
2025-05-05 00:00:00,9.67683157,Solar
2025-05-06 00:00:00,1.5758539299999996,Biomasa
2025-05-06 00:00:00,0.22227014,Eólica
2025-05-06 00:00:00,9.077048130000001,Solar
2025-05-07 00:00:00,1.54797844,Biomasa
2025-05-07 00:00:00,0.35652008,Eólica
2025-05-07 00:00:00,8.458224170000001,Solar
2025-05-08 00:00:00,1.58553827,Biomasa
2025-05-08 00:00:00,0.32756443,Eólica
2025-05-08 00:00:00,10.56765305,Solar
2025-05-09 00:00:00,1.48652996,Biomasa
2025-05-09 00:00:00,0.31372353999999997,Eólica
2025-05-09 00:00:00,13.591064459999995,Solar
2025-05-10 00:00:00,1.2465192999999999,Biomasa
2025-05-10 00:00:00,0.54187367,Eólica
2025-05-10 00:00:00,15.180248689999999,Solar
2025-05-11 00:00:00,1.16234857,Biomasa
2025-05-11 00:00:00,0.53891442,Eólica
2025-05-11 00:00:00,13.317376190000001,Solar
2025-05-12 00:00:00,1.09182734,Biomasa
2025-05-12 00:00:00,0.53595659,Eólica
2025-05-12 00:00:00,13.069985710000005,Solar
2025-05-13 00:00:00,1.5002386999999997,Biomasa
2025-05-13 00:00:00,0.3264926899999999,Eólica
2025-05-13 00:00:00,11.248826280000001,Solar
2025-05-14 00:00:00,1.4994149,Biomasa
2025-05-14 00:00:00,0.38526618,Eólica
2025-05-14 00:00:00,10.197394810000002,Solar
2025-05-15 00:00:00,1.68571363,Biomasa
2025-05-15 00:00:00,0.40556344,Eólica
2025-05-15 00:00:00,7.411340459999999,Solar
2025-05-16 00:00:00,1.2687294100000002,Biomasa
2025-05-16 00:00:00,0.34062287999999996,Eólica
2025-05-16 00:00:00,8.874238130000002,Solar
2025-05-17 00:00:00,1.04709709,Biomasa
2025-05-17 00:00:00,0.31054262,Eólica
2025-05-17 00:00:00,10.0716171,Solar
2025-05-18 00:00:00,0.7879974799999999,Biomasa
2025-05-18 00:00:00,0.35242392999999994,Eólica
2025-05-18 00:00:00,10.301794059999997,Solar
2025-05-19 00:00:00,0.3880109500000001,Biomasa
2025-05-19 00:00:00,0.33168195,Eólica
2025-05-19 00:00:00,10.12047368,Solar
2025-05-20 00:00:00,0.4739293600000001,Biomasa
2025-05-20 00:00:00,0.3647969999999999,Eólica
2025-05-20 00:00:00,9.739879959999996,Solar
2025-05-21 00:00:00,0.7318858399999999,Biomasa
2025-05-21 00:00:00,0.38483316,Eólica
2025-05-21 00:00:00,12.318591880000003,Solar
2025-05-22 00:00:00,0.97556082,Biomasa
2025-05-22 00:00:00,0.43786151000000006,Eólica
2025-05-22 00:00:00,11.084781249999997,Solar
2025-05-23 00:00:00,0.8908418200000001,Biomasa
2025-05-23 00:00:00,0.5518348399999999,Eólica
2025-05-23 00:00:00,14.14444305999999,Solar
2025-05-24 00:00:00,1.00769017,Biomasa
2025-05-24 00:00:00,0.53687061,Eólica
2025-05-24 00:00:00,12.630418959999997,Solar
2025-05-25 00:00:00,1.0792278100000001,Biomasa
2025-05-25 00:00:00,0.54752726,Eólica
2025-05-25 00:00:00,12.430077580000004,Solar
2025-05-26 00:00:00,1.0980210600000002,Biomasa
2025-05-26 00:00:00,0.5128175500000001,Eólica
2025-05-26 00:00:00,10.051842649999996,Solar
2025-05-27 00:00:00,1.5451388600000002,Biomasa
2025-05-27 00:00:00,0.51730179,Eólica
2025-05-27 00:00:00,7.967642459999995,Solar
2025-05-28 00:00:00,1.60559757,Biomasa
2025-05-28 00:00:00,0.5443091599999998,Eólica
2025-05-28 00:00:00,11.482143300000008,Solar
2025-05-29 00:00:00,1.6351984000000002,Biomasa
2025-05-29 00:00:00,0.5278631399999999,Eólica
2025-05-29 00:00:00,13.316217520000002,Solar
2025-05-30 00:00:00,2.03430415,Biomasa
2025-05-30 00:00:00,0.52655054,Eólica
2025-05-30 00:00:00,10.621741199999997,Solar
2025-05-31 00:00:00,2.2673669800000003,Biomasa
2025-05-31 00:00:00,0.46736550000000004,Eólica
2025-05-31 00:00:00,7.376276470000004,Solar
2025-06-01 00:00:00,2.54468077,Biomasa
2025-06-01 00:00:00,0.53073266,Eólica
2025-06-01 00:00:00,8.05463847,Solar
2025-06-02 00:00:00,2.3100415799999996,Biomasa
2025-06-02 00:00:00,0.45248879,Eólica
2025-06-02 00:00:00,9.57895051,Solar
2025-06-03 00:00:00,2.4409237999999998,Biomasa
2025-06-03 00:00:00,0.5092199399999999,Eólica
2025-06-03 00:00:00,11.650632870000004,Solar
2025-06-04 00:00:00,2.6150692299999996,Biomasa
2025-06-04 00:00:00,0.52559048,Eólica
2025-06-04 00:00:00,10.461768109999996,Solar
2025-06-05 00:00:00,2.67261169,Biomasa
2025-06-05 00:00:00,0.51254276,Eólica
2025-06-05 00:00:00,9.19029715,Solar
2025-06-06 00:00:00,2.7503102199999994,Biomasa
2025-06-06 00:00:00,0.50737752,Eólica
2025-06-06 00:00:00,8.865885629999998,Solar
2025-06-07 00:00:00,2.61805195,Biomasa
2025-06-07 00:00:00,0.5180461199999999,Eólica
2025-06-07 00:00:00,12.818218450000002,Solar
2025-06-08 00:00:00,2.765805,Biomasa
2025-06-08 00:00:00,0.54791581,Eólica
2025-06-08 00:00:00,13.27916962,Solar
2025-06-09 00:00:00,2.64652385,Biomasa
2025-06-09 00:00:00,0.5241875199999999,Eólica
2025-06-09 00:00:00,9.076577320000002,Solar
2025-06-10 00:00:00,2.56748677,Biomasa
2025-06-10 00:00:00,0.50567311,Eólica
2025-06-10 00:00:00,7.941579970000001,Solar
2025-06-11 00:00:00,2.7183444299999997,Biomasa
2025-06-11 00:00:00,0.5072099800000001,Eólica
2025-06-11 00:00:00,9.106145580000002,Solar
2025-06-12 00:00:00,2.49600148,Biomasa
2025-06-12 00:00:00,0.46110872,Eólica
2025-06-12 00:00:00,10.447508540000001,Solar
2025-06-13 00:00:00,2.44769079,Biomasa
2025-06-13 00:00:00,0.45671029,Eólica
2025-06-13 00:00:00,8.44373353,Solar
2025-06-14 00:00:00,2.22647479,Biomasa
2025-06-14 00:00:00,0.41339984999999996,Eólica
2025-06-14 00:00:00,9.323612869999998,Solar
2025-06-15 00:00:00,2.33371138,Biomasa
2025-06-15 00:00:00,0.48353174,Eólica
2025-06-15 00:00:00,12.743122499999997,Solar
2025-06-16 00:00:00,2.45783024,Biomasa
2025-06-16 00:00:00,0.48983418000000006,Eólica
2025-06-16 00:00:00,12.42810251,Solar
2025-06-17 00:00:00,2.4322940000000006,Biomasa
2025-06-17 00:00:00,0.48145972000000015,Eólica
2025-06-17 00:00:00,10.685884290000002,Solar
2025-06-18 00:00:00,2.7088056700000007,Biomasa
2025-06-18 00:00:00,0.50828998,Eólica
2025-06-18 00:00:00,12.415293089999997,Solar
2025-06-19 00:00:00,2.76068008,Biomasa
2025-06-19 00:00:00,0.54011818,Eólica
2025-06-19 00:00:00,13.710872889999997,Solar
2025-06-20 00:00:00,2.71580476,Biomasa
2025-06-20 00:00:00,0.5308704399999999,Eólica
2025-06-20 00:00:00,10.963443620000003,Solar
2025-06-21 00:00:00,2.7645619399999997,Biomasa
2025-06-21 00:00:00,0.5356738999999999,Eólica
2025-06-21 00:00:00,11.481611020000003,Solar
2025-06-22 00:00:00,2.78904513,Biomasa
2025-06-22 00:00:00,0.5271873499999999,Eólica
2025-06-22 00:00:00,7.74033675,Solar
2025-06-23 00:00:00,2.57745796,Biomasa
2025-06-23 00:00:00,0.43191562000000006,Eólica
2025-06-23 00:00:00,9.41566418,Solar
2025-06-24 00:00:00,2.6725274600000004,Biomasa
2025-06-24 00:00:00,0.47625051000000007,Eólica
2025-06-24 00:00:00,9.083814600000002,Solar
2025-06-25 00:00:00,2.4508057599999997,Biomasa
2025-06-25 00:00:00,0.5318257500000001,Eólica
2025-06-25 00:00:00,13.333898720000004,Solar
2025-06-26 00:00:00,2.7344572900000004,Biomasa
2025-06-26 00:00:00,0.48905665,Eólica
2025-06-26 00:00:00,13.177534320000007,Solar
2025-06-27 00:00:00,2.5943906100000005,Biomasa
2025-06-27 00:00:00,0.5570761299999999,Eólica
2025-06-27 00:00:00,12.416400559999994,Solar
2025-06-28 00:00:00,2.699347999999999,Biomasa
2025-06-28 00:00:00,0.5329457200000001,Eólica
2025-06-28 00:00:00,11.961750189999998,Solar
2025-06-29 00:00:00,2.8049985799999995,Biomasa
2025-06-29 00:00:00,0.50943893,Eólica
2025-06-29 00:00:00,13.165234310000004,Solar
2025-06-30 00:00:00,2.51251398,Biomasa
2025-06-30 00:00:00,0.53211852,Eólica
2025-06-30 00:00:00,12.394312859999996,Solar
2025-07-01 00:00:00,2.72156784,Biomasa
2025-07-01 00:00:00,0.55144373,Eólica
2025-07-01 00:00:00,11.940207749999997,Solar
2025-07-02 00:00:00,2.5198383399999997,Biomasa
2025-07-02 00:00:00,0.52497814,Eólica
2025-07-02 00:00:00,11.812194109999997,Solar
2025-07-03 00:00:00,2.59855804,Biomasa
2025-07-03 00:00:00,0.5187215900000001,Eólica
2025-07-03 00:00:00,10.878607440000005,Solar
2025-07-04 00:00:00,2.8577245100000006,Biomasa
2025-07-04 00:00:00,0.36590128,Eólica
2025-07-04 00:00:00,9.397666519999996,Solar
2025-07-05 00:00:00,2.84480922,Biomasa
2025-07-05 00:00:00,0.37477558,Eólica
2025-07-05 00:00:00,8.467696880000004,Solar
2025-07-06 00:00:00,2.9658487799999995,Biomasa
2025-07-06 00:00:00,0.41590673,Eólica
2025-07-06 00:00:00,12.541600330000001,Solar
2025-07-07 00:00:00,2.7102078300000008,Biomasa
2025-07-07 00:00:00,0.5097659299999999,Eólica
2025-07-07 00:00:00,13.839900350000002,Solar
2025-07-08 00:00:00,2.61290276,Biomasa
2025-07-08 00:00:00,0.5801305400000001,Eólica
2025-07-08 00:00:00,12.510115810000006,Solar
2025-07-09 00:00:00,2.7713340100000003,Biomasa
2025-07-09 00:00:00,0.53531434,Eólica
2025-07-09 00:00:00,10.968545060000004,Solar
2025-07-10 00:00:00,2.5790759000000003,Biomasa
2025-07-10 00:00:00,0.59426453,Eólica
2025-07-10 00:00:00,9.630801609999999,Solar
2025-07-11 00:00:00,2.6994168399999996,Biomasa
2025-07-11 00:00:00,0.51397162,Eólica
2025-07-11 00:00:00,10.143285419999998,Solar
2025-07-12 00:00:00,2.690953950000001,Biomasa
2025-07-12 00:00:00,0.56340944,Eólica
2025-07-12 00:00:00,10.787817939999996,Solar
2025-07-13 00:00:00,2.66787455,Biomasa
2025-07-13 00:00:00,0.5512480200000001,Eólica
2025-07-13 00:00:00,10.773049090000004,Solar
2025-07-14 00:00:00,2.7878833200000006,Biomasa
2025-07-14 00:00:00,0.5723064,Eólica
2025-07-14 00:00:00,11.241668469999997,Solar
2025-07-15 00:00:00,2.6945754099999997,Biomasa
2025-07-15 00:00:00,0.6388583399999999,Eólica
2025-07-15 00:00:00,14.364143590000005,Solar
2025-07-16 00:00:00,2.89100193,Biomasa
2025-07-16 00:00:00,0.6398745800000001,Eólica
2025-07-16 00:00:00,12.892579990000005,Solar
2025-07-17 00:00:00,2.9239687200000004,Biomasa
2025-07-17 00:00:00,0.62005198,Eólica
2025-07-17 00:00:00,13.696051439999993,Solar
2025-07-18 00:00:00,2.8645459,Biomasa
2025-07-18 00:00:00,0.63484404,Eólica
2025-07-18 00:00:00,14.307419369999995,Solar
2025-07-19 00:00:00,2.87182364,Biomasa
2025-07-19 00:00:00,0.7272356499999999,Eólica
2025-07-19 00:00:00,13.416340090000006,Solar
2025-07-20 00:00:00,2.87710538,Biomasa
2025-07-20 00:00:00,0.6567772700000001,Eólica
2025-07-20 00:00:00,13.949473059999999,Solar
2025-07-21 00:00:00,2.6484169700000004,Biomasa
2025-07-21 00:00:00,0.6494435199999999,Eólica
2025-07-21 00:00:00,12.502639080000005,Solar
2025-07-22 00:00:00,2.64652976,Biomasa
2025-07-22 00:00:00,0.62717902,Eólica
2025-07-22 00:00:00,11.345417919999997,Solar
2025-07-23 00:00:00,2.56679331,Biomasa
2025-07-23 00:00:00,0.5978045100000001,Eólica
2025-07-23 00:00:00,10.144560979999998,Solar
2025-07-24 00:00:00,2.18900282,Biomasa
2025-07-24 00:00:00,0.58806377,Eólica
2025-07-24 00:00:00,11.868824659999998,Solar
2025-07-25 00:00:00,2.2476612699999996,Biomasa
2025-07-25 00:00:00,0.58886316,Eólica
2025-07-25 00:00:00,11.992426119999998,Solar
2025-07-26 00:00:00,2.7079950900000003,Biomasa
2025-07-26 00:00:00,0.6138505700000001,Eólica
2025-07-26 00:00:00,10.156725500000002,Solar
2025-07-27 00:00:00,2.8310035,Biomasa
2025-07-27 00:00:00,0.58402571,Eólica
2025-07-27 00:00:00,13.934884230000003,Solar
2025-07-28 00:00:00,2.60542809,Biomasa
2025-07-28 00:00:00,0.39899791,Eólica
2025-07-28 00:00:00,12.764069610000002,Solar
2025-07-29 00:00:00,2.6470833999999996,Biomasa
2025-07-29 00:00:00,0.57201349,Eólica
2025-07-29 00:00:00,11.468341060000007,Solar
2025-07-30 00:00:00,2.6598708099999997,Biomasa
2025-07-30 00:00:00,0.53211701,Eólica
2025-07-30 00:00:00,11.345579700000002,Solar
2025-07-31 00:00:00,2.8180851099999997,Biomasa
2025-07-31 00:00:00,0.5378837300000001,Eólica
2025-07-31 00:00:00,13.411670870000002,Solar
2025-08-01 00:00:00,2.8894119099999993,Biomasa
2025-08-01 00:00:00,0.6197059300000001,Eólica
2025-08-01 00:00:00,13.017452120000007,Solar
2025-08-02 00:00:00,2.54997624,Biomasa
2025-08-02 00:00:00,0.62099657,Eólica
2025-08-02 00:00:00,10.555505970000006,Solar
2025-08-03 00:00:00,2.78410551,Biomasa
2025-08-03 00:00:00,0.5397534500000001,Eólica
2025-08-03 00:00:00,11.040586450000001,Solar
2025-08-04 00:00:00,2.6892113200000005,Biomasa
2025-08-04 00:00:00,0.5555949499999999,Eólica
2025-08-04 00:00:00,10.750208760000001,Solar
2025-08-05 00:00:00,2.67281882,Biomasa
2025-08-05 00:00:00,0.60866369,Eólica
2025-08-05 00:00:00,11.53582994,Solar
2025-08-06 00:00:00,2.83192611,Biomasa
2025-08-06 00:00:00,0.5762212,Eólica
2025-08-06 00:00:00,11.979718980000005,Solar
2025-08-07 00:00:00,2.83536209,Biomasa
2025-08-07 00:00:00,0.48214394,Eólica
2025-08-07 00:00:00,11.003271250000003,Solar
2025-08-08 00:00:00,2.7164722,Biomasa
2025-08-08 00:00:00,0.52990342,Eólica
2025-08-08 00:00:00,12.223239630000005,Solar
2025-08-09 00:00:00,2.6909312400000003,Biomasa
2025-08-09 00:00:00,0.5686560199999999,Eólica
2025-08-09 00:00:00,9.36296771,Solar
2025-08-10 00:00:00,2.8577421800000002,Biomasa
2025-08-10 00:00:00,0.5717264400000001,Eólica
2025-08-10 00:00:00,10.13936668,Solar
2025-08-11 00:00:00,2.61271221,Biomasa
2025-08-11 00:00:00,0.5923787800000001,Eólica
2025-08-11 00:00:00,12.50910245,Solar
2025-08-12 00:00:00,2.76352048,Biomasa
2025-08-12 00:00:00,0.6514801600000001,Eólica
2025-08-12 00:00:00,14.833345829999999,Solar
2025-08-13 00:00:00,2.79131311,Biomasa
2025-08-13 00:00:00,0.5811119600000001,Eólica
2025-08-13 00:00:00,11.121857089999999,Solar
2025-08-14 00:00:00,2.7203450800000004,Biomasa
2025-08-14 00:00:00,0.35608470999999997,Eólica
2025-08-14 00:00:00,11.617575930000001,Solar
2025-08-15 00:00:00,2.75176294,Biomasa
2025-08-15 00:00:00,0.028928539999999992,Eólica
2025-08-15 00:00:00,10.629496859999998,Solar
2025-08-16 00:00:00,2.84499435,Biomasa
2025-08-16 00:00:00,0.00183051,Eólica
2025-08-16 00:00:00,11.100317549999998,Solar
2025-08-17 00:00:00,2.8616669400000005,Biomasa
2025-08-17 00:00:00,13.813505410000001,Solar
2025-08-18 00:00:00,2.7938492,Biomasa
2025-08-18 00:00:00,12.338879029999998,Solar
2025-08-19 00:00:00,2.6791401,Biomasa
2025-08-19 00:00:00,13.852036799999993,Solar
2025-08-20 00:00:00,2.7136150899999993,Biomasa
2025-08-20 00:00:00,0.00594742,Eólica
2025-08-20 00:00:00,13.7107582,Solar
2025-08-21 00:00:00,2.87957204,Biomasa
2025-08-21 00:00:00,0.023713510000000004,Eólica
2025-08-21 00:00:00,12.647735400000006,Solar
2025-08-22 00:00:00,2.8236689499999996,Biomasa
2025-08-22 00:00:00,0.03519172,Eólica
2025-08-22 00:00:00,12.48785642,Solar
2025-08-23 00:00:00,2.8110143,Biomasa
2025-08-23 00:00:00,0.0075329299999999984,Eólica
2025-08-23 00:00:00,13.578733660000005,Solar
2025-08-24 00:00:00,2.8669347699999994,Biomasa
2025-08-24 00:00:00,0.02898214,Eólica
2025-08-24 00:00:00,14.78828084,Solar
2025-08-25 00:00:00,2.9480596599999997,Biomasa
2025-08-25 00:00:00,0.08047462000000001,Eólica
2025-08-25 00:00:00,12.560723750000001,Solar
2025-08-26 00:00:00,2.89100927,Biomasa
2025-08-26 00:00:00,0.07114167000000002,Eólica
2025-08-26 00:00:00,13.468182329999998,Solar
2025-08-27 00:00:00,2.83701961,Biomasa
2025-08-27 00:00:00,0.04003487000000001,Eólica
2025-08-27 00:00:00,14.657763529999997,Solar
2025-08-28 00:00:00,2.9843263099999997,Biomasa
2025-08-28 00:00:00,0.014753520000000003,Eólica
2025-08-28 00:00:00,15.051953560000007,Solar
2025-08-29 00:00:00,3.07728761,Biomasa
2025-08-29 00:00:00,0.25586297,Eólica
2025-08-29 00:00:00,15.557518229999989,Solar
2025-08-30 00:00:00,3.05406887,Biomasa
2025-08-30 00:00:00,0.48538939999999997,Eólica
2025-08-30 00:00:00,12.630170600000003,Solar
2025-08-31 00:00:00,3.2457273100000004,Biomasa
2025-08-31 00:00:00,0.6441695699999999,Eólica
2025-08-31 00:00:00,13.227917690000005,Solar
2025-09-01 00:00:00,2.8080524000000007,Biomasa
2025-09-01 00:00:00,0.5933533799999999,Eólica
2025-09-01 00:00:00,10.875374250000004,Solar
2025-09-02 00:00:00,2.5618895600000005,Biomasa
2025-09-02 00:00:00,0.56229492,Eólica
2025-09-02 00:00:00,13.474921369999995,Solar
2025-09-03 00:00:00,3.28508215,Biomasa
2025-09-03 00:00:00,0.48100885,Eólica
2025-09-03 00:00:00,13.596777890000002,Solar
2025-09-04 00:00:00,3.05065774,Biomasa
2025-09-04 00:00:00,0.5831523700000001,Eólica
2025-09-04 00:00:00,11.19706859,Solar
2025-09-05 00:00:00,2.67319434,Biomasa
2025-09-05 00:00:00,0.42173698000000004,Eólica
2025-09-05 00:00:00,10.869749370000003,Solar
2025-09-06 00:00:00,2.91601355,Biomasa
2025-09-06 00:00:00,0.39634735,Eólica
2025-09-06 00:00:00,12.918732070000003,Solar
2025-09-07 00:00:00,3.0445333599999995,Biomasa
2025-09-07 00:00:00,0.38508357000000004,Eólica
2025-09-07 00:00:00,10.605425899999997,Solar
2025-09-08 00:00:00,2.7821537,Biomasa
2025-09-08 00:00:00,0.08598597999999999,Eólica
2025-09-08 00:00:00,13.44073329,Solar
2025-09-09 00:00:00,2.7191141899999995,Biomasa
2025-09-09 00:00:00,0.27946322,Eólica
2025-09-09 00:00:00,15.223711970000004,Solar
2025-09-10 00:00:00,2.8329136800000003,Biomasa
2025-09-10 00:00:00,0.5675123400000001,Eólica
2025-09-10 00:00:00,14.883030670000002,Solar
2025-09-11 00:00:00,2.82657997,Biomasa
2025-09-11 00:00:00,0.56774671,Eólica
2025-09-11 00:00:00,14.575332369999996,Solar
2025-09-12 00:00:00,2.51685024,Biomasa
2025-09-12 00:00:00,0.42094204999999996,Eólica
2025-09-12 00:00:00,11.32856247,Solar
2025-09-13 00:00:00,2.9264537500000003,Biomasa
2025-09-13 00:00:00,0.30136159,Eólica
2025-09-13 00:00:00,15.223297290000001,Solar
2025-09-14 00:00:00,3.0137097300000004,Biomasa
2025-09-14 00:00:00,0.40114095000000005,Eólica
2025-09-14 00:00:00,14.296380150000005,Solar
2025-09-15 00:00:00,2.80001045,Biomasa
2025-09-15 00:00:00,0.5892607700000001,Eólica
2025-09-15 00:00:00,15.917614980000003,Solar
2025-09-16 00:00:00,2.4995464000000003,Biomasa
2025-09-16 00:00:00,0.59436172,Eólica
2025-09-16 00:00:00,13.19327676,Solar
2025-09-17 00:00:00,2.9786903800000006,Biomasa
2025-09-17 00:00:00,0.40562646,Eólica
2025-09-17 00:00:00,12.756041939999994,Solar
2025-09-18 00:00:00,2.91174973,Biomasa
2025-09-18 00:00:00,0.08166978999999999,Eólica
2025-09-18 00:00:00,10.195090050000005,Solar
2025-09-19 00:00:00,3.1130144200000007,Biomasa
2025-09-19 00:00:00,0.014244650000000001,Eólica
2025-09-19 00:00:00,12.223303770000003,Solar
2025-09-20 00:00:00,3.0743043999999995,Biomasa
2025-09-20 00:00:00,0.30845676,Eólica
2025-09-20 00:00:00,14.324673299999997,Solar
2025-09-21 00:00:00,3.25673398,Biomasa
2025-09-21 00:00:00,0.39822964,Eólica
2025-09-21 00:00:00,15.912419260000004,Solar
2025-09-22 00:00:00,3.1177472899999996,Biomasa
2025-09-22 00:00:00,0.41670912000000004,Eólica
2025-09-22 00:00:00,14.193678339999993,Solar
2025-09-23 00:00:00,3.0529501,Biomasa
2025-09-23 00:00:00,0.6083712600000002,Eólica
2025-09-23 00:00:00,13.774689130000004,Solar
2025-09-24 00:00:00,3.37660852,Biomasa
2025-09-24 00:00:00,0.53388633,Eólica
2025-09-24 00:00:00,14.213475959999997,Solar
2025-09-25 00:00:00,3.2159949,Biomasa
2025-09-25 00:00:00,0.06525547999999999,Eólica
2025-09-25 00:00:00,14.806336769999996,Solar
2025-09-26 00:00:00,3.3753509200000007,Biomasa
2025-09-26 00:00:00,0.06227606,Eólica
2025-09-26 00:00:00,12.95993292,Solar
2025-09-27 00:00:00,3.34210777,Biomasa
2025-09-27 00:00:00,0.02478673,Eólica
2025-09-27 00:00:00,13.897055049999997,Solar
2025-09-28 00:00:00,3.2903583700000003,Biomasa
2025-09-28 00:00:00,0.05509659,Eólica
2025-09-28 00:00:00,13.78166168000001,Solar
2025-09-29 00:00:00,3.16054027,Biomasa
2025-09-29 00:00:00,0.30022819999999995,Eólica
2025-09-29 00:00:00,14.539747590000001,Solar
2025-09-30 00:00:00,2.8979177600000003,Biomasa
2025-09-30 00:00:00,0.30305372,Eólica
2025-09-30 00:00:00,12.966936440000007,Solar
2025-10-01 00:00:00,3.2962107800000005,Biomasa
2025-10-01 00:00:00,0.058879190000000005,Eólica
2025-10-01 00:00:00,14.30249009,Solar
2025-10-02 00:00:00,2.9877238800000003,Biomasa
2025-10-02 00:00:00,0.32835698999999996,Eólica
2025-10-02 00:00:00,12.343126660000001,Solar
2025-10-03 00:00:00,2.75623412,Biomasa
2025-10-03 00:00:00,0.37946305,Eólica
2025-10-03 00:00:00,11.437841550000002,Solar
2025-10-04 00:00:00,2.59933108,Biomasa
2025-10-04 00:00:00,0.26552808000000006,Eólica
2025-10-04 00:00:00,12.712860699999997,Solar
2025-10-05 00:00:00,2.8756229299999996,Biomasa
2025-10-05 00:00:00,0.41969667,Eólica
2025-10-05 00:00:00,15.122538249999998,Solar
2025-10-06 00:00:00,2.80391088,Biomasa
2025-10-06 00:00:00,0.40202890999999996,Eólica
2025-10-06 00:00:00,12.422447240000004,Solar
2025-10-07 00:00:00,2.5585363800000005,Biomasa
2025-10-07 00:00:00,0.26537441000000006,Eólica
2025-10-07 00:00:00,14.010694010000002,Solar
2025-10-08 00:00:00,2.7634972199999996,Biomasa
2025-10-08 00:00:00,0.29014563000000004,Eólica
2025-10-08 00:00:00,11.407458309999996,Solar
2025-10-09 00:00:00,2.44735908,Biomasa
2025-10-09 00:00:00,0.24611789999999997,Eólica
2025-10-09 00:00:00,13.288109190000004,Solar
2025-10-10 00:00:00,2.4671457199999995,Biomasa
2025-10-10 00:00:00,0.06560163999999999,Eólica
2025-10-10 00:00:00,11.338529010000002,Solar
2025-10-11 00:00:00,1.9864120099999996,Biomasa
2025-10-11 00:00:00,0.08019884,Eólica
2025-10-11 00:00:00,12.459219830000002,Solar
2025-10-12 00:00:00,2.3073587900000003,Biomasa
2025-10-12 00:00:00,0.042814580000000005,Eólica
2025-10-12 00:00:00,13.045626209999991,Solar
2025-10-13 00:00:00,2.47571805,Biomasa
2025-10-13 00:00:00,0.05823343,Eólica
2025-10-13 00:00:00,13.577077319999999,Solar
2025-10-14 00:00:00,2.37603009,Biomasa
2025-10-14 00:00:00,0.17875836,Eólica
2025-10-14 00:00:00,14.327524499999999,Solar
2025-10-15 00:00:00,2.55324598,Biomasa
2025-10-15 00:00:00,0.06178927,Eólica
2025-10-15 00:00:00,13.566666429999996,Solar
2025-10-16 00:00:00,2.4437261300000004,Biomasa
2025-10-16 00:00:00,0.03647771,Eólica
2025-10-16 00:00:00,9.380102689999998,Solar
2025-10-17 00:00:00,2.39840025,Biomasa
2025-10-17 00:00:00,0.00274522,Eólica
2025-10-17 00:00:00,12.96876539,Solar
2025-10-18 00:00:00,2.08022518,Biomasa
2025-10-18 00:00:00,0.17306654,Eólica
2025-10-18 00:00:00,15.776423580000007,Solar
2025-10-19 00:00:00,2.00051065,Biomasa
2025-10-19 00:00:00,0.41777334,Eólica
2025-10-19 00:00:00,16.550115260000002,Solar
2025-10-20 00:00:00,2.14386454,Biomasa
2025-10-20 00:00:00,0.25192841,Eólica
2025-10-20 00:00:00,13.405869679999997,Solar
2025-10-21 00:00:00,2.70506856,Biomasa
2025-10-21 00:00:00,0.08593961000000001,Eólica
2025-10-21 00:00:00,13.489892670000003,Solar
2025-10-22 00:00:00,2.62805206,Biomasa
2025-10-22 00:00:00,0.09153254,Eólica
2025-10-22 00:00:00,12.237535669999996,Solar
2025-10-23 00:00:00,2.4315485599999995,Biomasa
2025-10-23 00:00:00,0.041127840000000006,Eólica
2025-10-23 00:00:00,12.426395059999999,Solar
2025-10-24 00:00:00,2.6034166200000004,Biomasa
2025-10-24 00:00:00,0.07135346000000001,Eólica
2025-10-24 00:00:00,15.180993579999992,Solar
2025-10-25 00:00:00,2.4172845,Biomasa
2025-10-25 00:00:00,0.036120479999999996,Eólica
2025-10-25 00:00:00,15.795095850000003,Solar
2025-10-26 00:00:00,2.4549515499999996,Biomasa
2025-10-26 00:00:00,0.08693688,Eólica
2025-10-26 00:00:00,17.13804560000001,Solar
2025-10-27 00:00:00,2.36901102,Biomasa
2025-10-27 00:00:00,0.06318075999999999,Eólica
2025-10-27 00:00:00,11.316172650000006,Solar
2025-10-28 00:00:00,2.28742649,Biomasa
2025-10-28 00:00:00,0.054257420000000015,Eólica
2025-10-28 00:00:00,16.94738982,Solar
2025-10-29 00:00:00,2.41477974,Biomasa
2025-10-29 00:00:00,0.050565009999999994,Eólica
2025-10-29 00:00:00,13.026447840000001,Solar
2025-10-30 00:00:00,2.6094562899999993,Biomasa
2025-10-30 00:00:00,0.07510433999999999,Eólica
2025-10-30 00:00:00,11.9819499,Solar
2025-10-31 00:00:00,2.6456834699999994,Biomasa
2025-10-31 00:00:00,0.25043551000000003,Eólica
2025-10-31 00:00:00,12.952919879999998,Solar
2025-11-01 00:00:00,2.4835016100000002,Biomasa
2025-11-01 00:00:00,0.45543214,Eólica
2025-11-01 00:00:00,15.786947269999999,Solar
2025-11-02 00:00:00,2.5985157200000004,Biomasa
2025-11-02 00:00:00,0.5238673500000001,Eólica
2025-11-02 00:00:00,12.520847869999999,Solar
2025-11-03 00:00:00,2.37358414,Biomasa
2025-11-03 00:00:00,0.5976817200000001,Eólica
2025-11-03 00:00:00,12.57735813,Solar
2025-11-04 00:00:00,2.13879853,Biomasa
2025-11-04 00:00:00,0.39969979999999994,Eólica
2025-11-04 00:00:00,13.713499359999998,Solar
2025-11-05 00:00:00,2.0240069999999997,Biomasa
2025-11-05 00:00:00,0.41316923000000005,Eólica
2025-11-05 00:00:00,12.771279650000002,Solar
2025-11-06 00:00:00,2.28009595,Biomasa
2025-11-06 00:00:00,0.28509028000000003,Eólica
2025-11-06 00:00:00,11.379051490000004,Solar
2025-11-07 00:00:00,2.4517563500000006,Biomasa
2025-11-07 00:00:00,0.4451425,Eólica
2025-11-07 00:00:00,15.278218219999996,Solar
2025-11-08 00:00:00,2.86603239,Biomasa
2025-11-08 00:00:00,0.59167339,Eólica
2025-11-08 00:00:00,14.99234114,Solar
2025-11-09 00:00:00,2.7078129799999995,Biomasa
2025-11-09 00:00:00,0.60876043,Eólica
2025-11-09 00:00:00,14.302276110000006,Solar
2025-11-10 00:00:00,3.0285868499999995,Biomasa
2025-11-10 00:00:00,0.6067252,Eólica
2025-11-10 00:00:00,12.697312530000001,Solar
2025-11-11 00:00:00,3.0170513599999995,Biomasa
2025-11-11 00:00:00,0.58704229,Eólica
2025-11-11 00:00:00,11.340015179999998,Solar
2025-11-12 00:00:00,3.0809923100000005,Biomasa
2025-11-12 00:00:00,0.6069266600000001,Eólica
2025-11-12 00:00:00,12.23305336,Solar
2025-11-13 00:00:00,2.1677217399999997,Biomasa
2025-11-13 00:00:00,0.50217516,Eólica
2025-11-13 00:00:00,12.482386880000005,Solar
2025-11-14 00:00:00,2.53043091,Biomasa
2025-11-14 00:00:00,0.4041391500000001,Eólica
2025-11-14 00:00:00,12.951522140000005,Solar
2025-11-15 00:00:00,2.6061422399999996,Biomasa
2025-11-15 00:00:00,0.43836818,Eólica
2025-11-15 00:00:00,10.588232490000005,Solar
2025-11-16 00:00:00,2.0170276000000005,Biomasa
2025-11-16 00:00:00,0.28596497,Eólica
2025-11-16 00:00:00,9.863984080000002,Solar
2025-11-17 00:00:00,1.6047080200000003,Biomasa
2025-11-17 00:00:00,0.34633944000000005,Eólica
2025-11-17 00:00:00,13.559363099999999,Solar
2025-11-18 00:00:00,1.5141952499999998,Biomasa
2025-11-18 00:00:00,0.53521992,Eólica
2025-11-18 00:00:00,14.088001049999999,Solar
2025-11-19 00:00:00,2.1757687299999997,Biomasa
2025-11-19 00:00:00,0.58512512,Eólica
2025-11-19 00:00:00,13.426779559999996,Solar
2025-11-20 00:00:00,2.6714879599999994,Biomasa
2025-11-20 00:00:00,0.41301650999999995,Eólica
2025-11-20 00:00:00,11.990139499999994,Solar
2025-11-21 00:00:00,2.9501975600000003,Biomasa
2025-11-21 00:00:00,0.46878654,Eólica
2025-11-21 00:00:00,12.26151671,Solar
2025-11-22 00:00:00,2.91301168,Biomasa
2025-11-22 00:00:00,0.57763392,Eólica
2025-11-22 00:00:00,15.254826360000004,Solar
2025-11-23 00:00:00,2.9692672300000003,Biomasa
2025-11-23 00:00:00,0.6590162799999999,Eólica
2025-11-23 00:00:00,12.81802262,Solar
2025-11-24 00:00:00,2.993344089999999,Biomasa
2025-11-24 00:00:00,0.5624444,Eólica
2025-11-24 00:00:00,10.671191880000002,Solar
2025-11-25 00:00:00,3.09504895,Biomasa
2025-11-25 00:00:00,0.64476096,Eólica
2025-11-25 00:00:00,14.04053634,Solar
2025-11-26 00:00:00,2.95559713,Biomasa
2025-11-26 00:00:00,0.7403856299999999,Eólica
2025-11-26 00:00:00,16.123147030000002,Solar
2025-11-27 00:00:00,2.9737826499999995,Biomasa
2025-11-27 00:00:00,0.7007163999999999,Eólica
2025-11-27 00:00:00,13.240897520000004,Solar
2025-11-28 00:00:00,3.01106926,Biomasa
2025-11-28 00:00:00,0.6311497799999999,Eólica
2025-11-28 00:00:00,7.763055479999997,Solar
2025-11-29 00:00:00,2.6952417399999997,Biomasa
2025-11-29 00:00:00,0.27335277999999996,Eólica
2025-11-29 00:00:00,9.250035969999999,Solar
2025-11-30 00:00:00,2.90998059,Biomasa
2025-11-30 00:00:00,0.3705534199999999,Eólica
2025-11-30 00:00:00,12.11605758,Solar
2025-12-01 00:00:00,2.9878964199999998,Biomasa
2025-12-01 00:00:00,0.30206388,Eólica
2025-12-01 00:00:00,10.310157679999998,Solar
2025-12-02 00:00:00,3.23634903,Biomasa
2025-12-02 00:00:00,0.31865414,Eólica
2025-12-02 00:00:00,12.089775509999999,Solar
2025-12-03 00:00:00,2.8670147,Biomasa
2025-12-03 00:00:00,0.37521155,Eólica
2025-12-03 00:00:00,14.637834150000005,Solar
2025-12-04 00:00:00,3.1124632,Biomasa
2025-12-04 00:00:00,0.34823314,Eólica
2025-12-04 00:00:00,15.327143269999995,Solar
2025-12-05 00:00:00,3.18591218,Biomasa
2025-12-05 00:00:00,0.28197499,Eólica
2025-12-05 00:00:00,13.949024540000002,Solar
2025-12-06 00:00:00,2.9980387800000003,Biomasa
2025-12-06 00:00:00,0.36088942,Eólica
2025-12-06 00:00:00,14.67080735,Solar
2025-12-07 00:00:00,2.9823499499999997,Biomasa
2025-12-07 00:00:00,0.44526935999999995,Eólica
2025-12-07 00:00:00,14.420306250000007,Solar
2025-12-08 00:00:00,2.9244080900000005,Biomasa
2025-12-08 00:00:00,0.29384652,Eólica
2025-12-08 00:00:00,15.220081359999995,Solar
2025-12-09 00:00:00,2.9532413199999996,Biomasa
2025-12-09 00:00:00,0.6348251600000001,Eólica
2025-12-09 00:00:00,12.810459429999995,Solar
2025-12-10 00:00:00,3.1466349099999995,Biomasa
2025-12-10 00:00:00,0.6649356900000001,Eólica
2025-12-10 00:00:00,13.853747440000006,Solar
2025-12-11 00:00:00,3.2361129,Biomasa
2025-12-11 00:00:00,0.6720701200000001,Eólica
2025-12-11 00:00:00,14.751269369999997,Solar
2025-12-12 00:00:00,3.2928112200000004,Biomasa
2025-12-12 00:00:00,0.7362761200000001,Eólica
2025-12-12 00:00:00,13.636563460000009,Solar
2025-12-13 00:00:00,3.3284184400000005,Biomasa
2025-12-13 00:00:00,0.6928072700000001,Eólica
2025-12-13 00:00:00,13.549810690000003,Solar
2025-12-14 00:00:00,3.37512455,Biomasa
2025-12-14 00:00:00,0.59509188,Eólica
2025-12-14 00:00:00,13.76079361,Solar
2025-12-15 00:00:00,3.2236908,Biomasa
2025-12-15 00:00:00,0.5645841399999999,Eólica
2025-12-15 00:00:00,14.863855620000004,Solar
2025-12-16 00:00:00,3.29399926,Biomasa
2025-12-16 00:00:00,0.50332628,Eólica
2025-12-16 00:00:00,14.514250729999997,Solar
2025-12-17 00:00:00,3.6984264200000005,Biomasa
2025-12-17 00:00:00,0.56506294,Eólica
2025-12-17 00:00:00,14.022936900000012,Solar
2025-12-18 00:00:00,3.85279095,Biomasa
2025-12-18 00:00:00,0.5468447599999999,Eólica
2025-12-18 00:00:00,13.719124730000004,Solar
2025-12-19 00:00:00,3.82618512,Biomasa
2025-12-19 00:00:00,0.7026003599999999,Eólica
2025-12-19 00:00:00,14.021429699999999,Solar
2025-12-20 00:00:00,3.6912609099999996,Biomasa
2025-12-20 00:00:00,0.69991581,Eólica
2025-12-20 00:00:00,15.527313749999998,Solar
2025-12-21 00:00:00,3.88738947,Biomasa
2025-12-21 00:00:00,0.62910099,Eólica
2025-12-21 00:00:00,15.958398929999998,Solar
2025-12-22 00:00:00,3.8890791900000004,Biomasa
2025-12-22 00:00:00,0.70346774,Eólica
2025-12-22 00:00:00,15.44899131,Solar
2025-12-23 00:00:00,3.7232119699999995,Biomasa
2025-12-23 00:00:00,0.6518887999999999,Eólica
2025-12-23 00:00:00,16.765185910000003,Solar
2025-12-24 00:00:00,3.22932452,Biomasa
2025-12-24 00:00:00,0.6556649299999999,Eólica
2025-12-24 00:00:00,15.333673020000006,Solar
2025-12-25 00:00:00,3.0841273399999998,Biomasa
2025-12-25 00:00:00,0.48919044,Eólica
2025-12-25 00:00:00,14.99188938999999,Solar
2025-12-26 00:00:00,2.98485026,Biomasa
2025-12-26 00:00:00,0.48996142,Eólica
2025-12-26 00:00:00,17.750647899999997,Solar
2025-12-27 00:00:00,2.9748735500000003,Biomasa
2025-12-27 00:00:00,0.60120114,Eólica
2025-12-27 00:00:00,18.518678530000003,Solar
2025-12-28 00:00:00,2.7417247500000004,Biomasa
2025-12-28 00:00:00,0.6630843,Eólica
2025-12-28 00:00:00,17.657892120000003,Solar
2025-12-29 00:00:00,2.1400467900000004,Biomasa
2025-12-29 00:00:00,0.7322156,Eólica
2025-12-29 00:00:00,18.02121187,Solar
2025-12-30 00:00:00,1.7842845099999995,Biomasa
2025-12-30 00:00:00,0.67576996,Eólica
2025-12-30 00:00:00,16.207166739999995,Solar
2025-12-31 00:00:00,1.10921635,Biomasa
2025-12-31 00:00:00,0.52635278,Eólica
2025-12-31 00:00:00,16.997466129999992,Solar
2026-01-01 00:00:00,0.7007243599999999,Biomasa
2026-01-01 00:00:00,0.5125537099999999,Eólica
2026-01-01 00:00:00,15.377878650000003,Solar
2026-01-02 00:00:00,1.05026237,Biomasa
2026-01-02 00:00:00,0.5796854300000001,Eólica
2026-01-02 00:00:00,11.68928575,Solar
2026-01-03 00:00:00,1.92588187,Biomasa
2026-01-03 00:00:00,0.4263832,Eólica
2026-01-03 00:00:00,13.607273510000002,Solar
2026-01-04 00:00:00,2.51497266,Biomasa
2026-01-04 00:00:00,0.3736472,Eólica
2026-01-04 00:00:00,11.67063267,Solar
2026-01-05 00:00:00,3.01241887,Biomasa
2026-01-05 00:00:00,0.42360145000000005,Eólica
2026-01-05 00:00:00,11.33600813,Solar
2026-01-06 00:00:00,2.897897,Biomasa
2026-01-06 00:00:00,0.5518089999999999,Eólica
2026-01-06 00:00:00,12.296367579999998,Solar
2026-01-07 00:00:00,2.84999357,Biomasa
2026-01-07 00:00:00,0.54804845,Eólica
2026-01-07 00:00:00,16.13427905000001,Solar
2026-01-08 00:00:00,2.73052853,Biomasa
2026-01-08 00:00:00,0.67342762,Eólica
2026-01-08 00:00:00,16.622629669999995,Solar
2026-01-09 00:00:00,2.8716797900000004,Biomasa
2026-01-09 00:00:00,0.8000381700000001,Eólica
2026-01-09 00:00:00,16.487696589999995,Solar
2026-01-10 00:00:00,3.0645011699999998,Biomasa
2026-01-10 00:00:00,0.75425683,Eólica
2026-01-10 00:00:00,14.709962289999993,Solar
2026-01-11 00:00:00,3.2431164900000002,Biomasa
2026-01-11 00:00:00,0.7319508600000001,Eólica
2026-01-11 00:00:00,13.544324470000003,Solar
2026-01-12 00:00:00,3.1749522,Biomasa
2026-01-12 00:00:00,0.67913386,Eólica
2026-01-12 00:00:00,10.59178275,Solar
2026-01-13 00:00:00,2.2304778099999996,Biomasa
2026-01-13 00:00:00,0.5982681,Eólica
2026-01-13 00:00:00,13.293067329999992,Solar
2026-01-14 00:00:00,2.34565716,Biomasa
2026-01-14 00:00:00,0.5046463999999999,Eólica
2026-01-14 00:00:00,14.418413929999996,Solar
2026-01-15 00:00:00,2.79658681,Biomasa
2026-01-15 00:00:00,0.45855651,Eólica
2026-01-15 00:00:00,11.591704290000001,Solar
2026-01-16 00:00:00,3.07021682,Biomasa
2026-01-16 00:00:00,0.35586034,Eólica
2026-01-16 00:00:00,14.881334139999996,Solar
2026-01-17 00:00:00,3.1456915299999997,Biomasa
2026-01-17 00:00:00,0.7485944100000002,Eólica
2026-01-17 00:00:00,19.219412179999996,Solar
2026-01-18 00:00:00,3.23897224,Biomasa
2026-01-18 00:00:00,0.6884483699999999,Eólica
2026-01-18 00:00:00,19.56843068999999,Solar
2026-01-19 00:00:00,3.0280681800000004,Biomasa
2026-01-19 00:00:00,0.46022779,Eólica
2026-01-19 00:00:00,16.17607589,Solar
2026-01-20 00:00:00,3.24257409,Biomasa
2026-01-20 00:00:00,0.7418634499999999,Eólica
2026-01-20 00:00:00,18.106548580000002,Solar
2026-01-21 00:00:00,3.3797415100000006,Biomasa
2026-01-21 00:00:00,0.62964357,Eólica
2026-01-21 00:00:00,18.293413709999996,Solar
2026-01-22 00:00:00,3.3116209700000003,Biomasa
2026-01-22 00:00:00,0.58178062,Eólica
2026-01-22 00:00:00,12.743822719999997,Solar
2026-01-23 00:00:00,3.44009622,Biomasa
2026-01-23 00:00:00,0.44182304000000006,Eólica
2026-01-23 00:00:00,16.289828760000002,Solar
2026-01-24 00:00:00,3.4371006299999998,Biomasa
2026-01-24 00:00:00,0.54312139,Eólica
2026-01-24 00:00:00,16.614672089999996,Solar
2026-01-25 00:00:00,3.54325315,Biomasa
2026-01-25 00:00:00,0.55329237,Eólica
2026-01-25 00:00:00,16.226570780000003,Solar
2026-01-26 00:00:00,3.41598758,Biomasa
2026-01-26 00:00:00,0.72290247,Eólica
2026-01-26 00:00:00,16.025070820000003,Solar
2026-01-27 00:00:00,3.3873039900000004,Biomasa
2026-01-27 00:00:00,0.6702429499999999,Eólica
2026-01-27 00:00:00,16.515015269999996,Solar
2026-01-28 00:00:00,3.26870333,Biomasa
2026-01-28 00:00:00,0.61585646,Eólica
2026-01-28 00:00:00,14.874689010000003,Solar
2026-01-29 00:00:00,3.2413782899999997,Biomasa
2026-01-29 00:00:00,0.6434730200000001,Eólica
2026-01-29 00:00:00,16.882609350000006,Solar
2026-01-30 00:00:00,3.2185656899999997,Biomasa
2026-01-30 00:00:00,0.61512203,Eólica
2026-01-30 00:00:00,14.863111000000004,Solar
2026-01-31 00:00:00,3.0410582300000004,Biomasa
2026-01-31 00:00:00,0.40336358,Eólica
2026-01-31 00:00:00,12.319748700000007,Solar
2026-02-01 00:00:00,3.18654049,Biomasa
2026-02-01 00:00:00,0.40909006,Eólica
2026-02-01 00:00:00,6.322835239999998,Solar
2026-02-02 00:00:00,2.59296634,Biomasa
2026-02-02 00:00:00,0.4476786,Eólica
2026-02-02 00:00:00,12.141297130000005,Solar
2026-02-03 00:00:00,2.80264196,Biomasa
2026-02-03 00:00:00,0.71987347,Eólica
2026-02-03 00:00:00,14.684903419999992,Solar
2026-02-04 00:00:00,3.34611394,Biomasa
2026-02-04 00:00:00,0.6464343699999999,Eólica
2026-02-04 00:00:00,19.656365300000004,Solar
2026-02-05 00:00:00,3.3491377300000003,Biomasa
2026-02-05 00:00:00,0.47087115999999996,Eólica
2026-02-05 00:00:00,19.107249190000005,Solar
2026-02-06 00:00:00,3.35484943,Biomasa
2026-02-06 00:00:00,0.38199211,Eólica
2026-02-06 00:00:00,10.894782319999997,Solar
2026-02-07 00:00:00,3.46893901,Biomasa
2026-02-07 00:00:00,0.32126153,Eólica
2026-02-07 00:00:00,15.182486319999995,Solar
2026-02-08 00:00:00,3.4392941299999995,Biomasa
2026-02-08 00:00:00,0.52207099,Eólica
2026-02-08 00:00:00,17.282835529999996,Solar
2026-02-09 00:00:00,3.5590886900000003,Biomasa
2026-02-09 00:00:00,0.72275646,Eólica
2026-02-09 00:00:00,19.85263289,Solar
2026-02-10 00:00:00,3.5597121599999997,Biomasa
2026-02-10 00:00:00,0.78240324,Eólica
2026-02-10 00:00:00,19.458379520000005,Solar
2026-02-11 00:00:00,3.4912618600000003,Biomasa
2026-02-11 00:00:00,0.760475,Eólica
2026-02-11 00:00:00,20.340368890000008,Solar
2026-02-12 00:00:00,3.078305109999999,Biomasa
2026-02-12 00:00:00,0.7201864500000001,Eólica
2026-02-12 00:00:00,18.84416514,Solar
2026-02-13 00:00:00,3.38200563,Biomasa
2026-02-13 00:00:00,0.7608704799999999,Eólica
2026-02-13 00:00:00,15.854620270000002,Solar
2026-02-14 00:00:00,3.4050531,Biomasa
2026-02-14 00:00:00,0.77376467,Eólica
2026-02-14 00:00:00,17.955517830000005,Solar
2026-02-15 00:00:00,3.32559166,Biomasa
2026-02-15 00:00:00,0.69036829,Eólica
2026-02-15 00:00:00,14.659945980000002,Solar
2026-02-16 00:00:00,3.10353447,Biomasa
2026-02-16 00:00:00,0.6276872499999999,Eólica
2026-02-16 00:00:00,15.621283659999998,Solar
2026-02-17 00:00:00,3.0787116200000004,Biomasa
2026-02-17 00:00:00,0.74086702,Eólica
2026-02-17 00:00:00,17.31105871,Solar
2026-02-18 00:00:00,2.918255,Biomasa
2026-02-18 00:00:00,0.7816356,Eólica
2026-02-18 00:00:00,18.610464080000003,Solar
2026-02-19 00:00:00,2.76641327,Biomasa
2026-02-19 00:00:00,0.6268034399999999,Eólica
2026-02-19 00:00:00,18.454945089999992,Solar
2026-02-20 00:00:00,2.9999441200000008,Biomasa
2026-02-20 00:00:00,0.6411242699999999,Eólica
2026-02-20 00:00:00,18.53372135,Solar
2026-02-21 00:00:00,2.9284354299999995,Biomasa
2026-02-21 00:00:00,0.7482456099999999,Eólica
2026-02-21 00:00:00,19.01926217,Solar
2026-02-22 00:00:00,3.00514265,Biomasa
2026-02-22 00:00:00,0.68007025,Eólica
2026-02-22 00:00:00,18.051960860000005,Solar
2026-02-23 00:00:00,2.6076292199999997,Biomasa
2026-02-23 00:00:00,0.71778066,Eólica
2026-02-23 00:00:00,13.617674580000005,Solar
2026-02-24 00:00:00,2.5293092500000003,Biomasa
2026-02-24 00:00:00,0.75389408,Eólica
2026-02-24 00:00:00,16.643594319999995,Solar
2026-02-25 00:00:00,2.40152785,Biomasa
2026-02-25 00:00:00,0.7295765200000001,Eólica
2026-02-25 00:00:00,19.943419459999998,Solar
2026-02-26 00:00:00,2.27850002,Biomasa
2026-02-26 00:00:00,0.7356337500000001,Eólica
2026-02-26 00:00:00,21.03015484,Solar
2026-02-27 00:00:00,2.20188044,Biomasa
2026-02-27 00:00:00,0.6450555199999999,Eólica
2026-02-27 00:00:00,21.765985199999996,Solar
2026-02-28 00:00:00,2.3396503,Biomasa
2026-02-28 00:00:00,0.7507442799999999,Eólica
2026-02-28 00:00:00,21.25070574,Solar
2026-03-01 00:00:00,2.6583825800000005,Biomasa
2026-03-01 00:00:00,0.7777908899999998,Eólica
2026-03-01 00:00:00,22.116688170000007,Solar
2026-03-02 00:00:00,2.38326516,Biomasa
2026-03-02 00:00:00,0.81069992,Eólica
2026-03-02 00:00:00,20.20668655,Solar
2026-03-03 00:00:00,2.9956194599999995,Biomasa
2026-03-03 00:00:00,0.8148183599999999,Eólica
2026-03-03 00:00:00,20.160077120000008,Solar
2026-03-04 00:00:00,3.0518720999999998,Biomasa
2026-03-04 00:00:00,0.76708892,Eólica
2026-03-04 00:00:00,20.91673212,Solar
2026-03-05 00:00:00,3.0662372700000002,Biomasa
2026-03-05 00:00:00,0.4740165999999999,Eólica
2026-03-05 00:00:00,18.222885260000005,Solar
2026-03-06 00:00:00,3.0636976600000003,Biomasa
2026-03-06 00:00:00,0.28869095000000006,Eólica
2026-03-06 00:00:00,17.96897195,Solar
2026-03-07 00:00:00,3.1468812600000007,Biomasa
2026-03-07 00:00:00,0.11749494000000002,Eólica
2026-03-07 00:00:00,22.46497802999999,Solar
2026-03-08 00:00:00,2.8150981900000005,Biomasa
2026-03-08 00:00:00,0.060878959999999996,Eólica
2026-03-08 00:00:00,16.06317183000001,Solar
2026-03-09 00:00:00,2.74269735,Biomasa
2026-03-09 00:00:00,0.10223593,Eólica
2026-03-09 00:00:00,18.309135649999998,Solar
2026-03-10 00:00:00,2.6383859700000003,Biomasa
2026-03-10 00:00:00,0.10675483000000002,Eólica
2026-03-10 00:00:00,19.183806339999993,Solar
2026-03-11 00:00:00,2.98976133,Biomasa
2026-03-11 00:00:00,0.08214422000000002,Eólica
2026-03-11 00:00:00,18.59763324999999,Solar
2026-03-12 00:00:00,3.33427172,Biomasa
2026-03-12 00:00:00,0.06004132000000001,Eólica
2026-03-12 00:00:00,14.75581658,Solar
2026-03-13 00:00:00,3.0017617399999996,Biomasa
2026-03-13 00:00:00,0.09211821,Eólica
2026-03-13 00:00:00,20.026813440000012,Solar
2026-03-14 00:00:00,3.13429449,Biomasa
2026-03-14 00:00:00,0.07105877000000001,Eólica
2026-03-14 00:00:00,22.32287195,Solar
2026-03-15 00:00:00,3.159433,Biomasa
2026-03-15 00:00:00,0.0979903,Eólica
2026-03-15 00:00:00,22.397448680000004,Solar
2026-03-16 00:00:00,3.38461578,Biomasa
2026-03-16 00:00:00,0.05275736,Eólica
2026-03-16 00:00:00,22.21088291,Solar
2026-03-17 00:00:00,3.7234574,Biomasa
2026-03-17 00:00:00,0.006107940000000001,Eólica
2026-03-17 00:00:00,18.314455429999995,Solar
2026-03-18 00:00:00,3.6085543399999995,Biomasa
2026-03-18 00:00:00,0.013964889999999999,Eólica
2026-03-18 00:00:00,14.386500850000004,Solar
2026-03-19 00:00:00,3.2372895600000007,Biomasa
2026-03-19 00:00:00,0.00904143,Eólica
2026-03-19 00:00:00,20.527059740000002,Solar
2026-03-20 00:00:00,3.3396754599999996,Biomasa
2026-03-20 00:00:00,0.02949395,Eólica
2026-03-20 00:00:00,20.784005690000008,Solar
2026-03-21 00:00:00,3.6022990100000003,Biomasa
2026-03-21 00:00:00,0.03811797,Eólica
2026-03-21 00:00:00,20.40253063,Solar
2026-03-22 00:00:00,4.06133324,Biomasa
2026-03-22 00:00:00,0.09829485,Eólica
2026-03-22 00:00:00,22.766884570000002,Solar
2026-03-23 00:00:00,4.12794183,Biomasa
2026-03-23 00:00:00,0.29458132000000004,Eólica
2026-03-23 00:00:00,18.07011765,Solar
2026-03-24 00:00:00,3.69289754,Biomasa
2026-03-24 00:00:00,0.42778109000000003,Eólica
2026-03-24 00:00:00,17.77067374,Solar
2026-03-25 00:00:00,3.4936165400000005,Biomasa
2026-03-25 00:00:00,0.56358202,Eólica
2026-03-25 00:00:00,18.738088600000005,Solar
2026-03-26 00:00:00,2.5880968299999996,Biomasa
2026-03-26 00:00:00,0.45351076999999995,Eólica
2026-03-26 00:00:00,22.732416899999993,Solar
2026-03-27 00:00:00,2.53290156,Biomasa
2026-03-27 00:00:00,0.7642951600000001,Eólica
2026-03-27 00:00:00,16.81707374,Solar
2026-03-28 00:00:00,2.30888166,Biomasa
2026-03-28 00:00:00,0.7388832399999999,Eólica
2026-03-28 00:00:00,20.918821569999988,Solar
2026-03-29 00:00:00,2.3850642100000004,Biomasa
2026-03-29 00:00:00,0.8101405199999999,Eólica
2026-03-29 00:00:00,22.16588305999999,Solar
2026-03-30 00:00:00,2.4388633000000004,Biomasa
2026-03-30 00:00:00,0.35368696,Eólica
2026-03-30 00:00:00,18.403118459999998,Solar
2026-03-31 00:00:00,2.53732074,Biomasa
2026-03-31 00:00:00,0.24017152000000003,Eólica
2026-03-31 00:00:00,21.2865719,Solar
2026-04-01 00:00:00,2.71488011,Biomasa
2026-04-01 00:00:00,0.61574917,Eólica
2026-04-01 00:00:00,21.542359990000012,Solar
2026-04-02 00:00:00,2.9390082599999996,Biomasa
2026-04-02 00:00:00,0.6457374300000001,Eólica
2026-04-02 00:00:00,20.97323716,Solar
2026-04-03 00:00:00,2.8790434899999995,Biomasa
2026-04-03 00:00:00,0.66751914,Eólica
2026-04-03 00:00:00,22.035359439999993,Solar
2026-04-04 00:00:00,2.93227136,Biomasa
2026-04-04 00:00:00,0.72280246,Eólica
2026-04-04 00:00:00,22.01569666,Solar
2026-04-05 00:00:00,2.8499566800000005,Biomasa
2026-04-05 00:00:00,0.6968034599999999,Eólica
2026-04-05 00:00:00,17.409500199999997,Solar
2026-04-06 00:00:00,3.2005493400000002,Biomasa
2026-04-06 00:00:00,0.6930576599999999,Eólica
2026-04-06 00:00:00,20.477815730000007,Solar
2026-04-07 00:00:00,2.7772408700000004,Biomasa
2026-04-07 00:00:00,0.56386779,Eólica
2026-04-07 00:00:00,19.423473769999998,Solar
2026-04-08 00:00:00,3.028451949999999,Biomasa
2026-04-08 00:00:00,0.6234545499999999,Eólica
2026-04-08 00:00:00,17.02180051,Solar
2026-04-09 00:00:00,2.75111879,Biomasa
2026-04-09 00:00:00,0.31937649999999995,Eólica
2026-04-09 00:00:00,20.287243310000008,Solar
2026-04-10 00:00:00,2.7422062599999997,Biomasa
2026-04-10 00:00:00,0.08896886999999999,Eólica
2026-04-10 00:00:00,20.529461550000008,Solar
2026-04-11 00:00:00,2.4752436200000005,Biomasa
2026-04-11 00:00:00,0.39581424,Eólica
2026-04-11 00:00:00,18.248167930000005,Solar
2026-04-12 00:00:00,2.7189732999999996,Biomasa
2026-04-12 00:00:00,0.31576675,Eólica
2026-04-12 00:00:00,21.946683430000007,Solar
2026-04-13 00:00:00,3.03960756,Biomasa
2026-04-13 00:00:00,0.19014616999999998,Eólica
2026-04-13 00:00:00,16.60368815,Solar
2026-04-14 00:00:00,3.0302352500000005,Biomasa
2026-04-14 00:00:00,0.12359587,Eólica
2026-04-14 00:00:00,19.576440579999996,Solar
2026-04-15 00:00:00,3.07428295,Biomasa
2026-04-15 00:00:00,0.17879233000000003,Eólica
2026-04-15 00:00:00,15.765430109999995,Solar
2026-04-16 00:00:00,2.79119966,Biomasa
2026-04-16 00:00:00,0.48851542000000003,Eólica
2026-04-16 00:00:00,18.357034080000005,Solar
2026-04-17 00:00:00,2.76620158,Biomasa
2026-04-17 00:00:00,0.5171442100000001,Eólica
2026-04-17 00:00:00,16.57133443,Solar
2026-04-18 00:00:00,2.8612213699999995,Biomasa
2026-04-18 00:00:00,0.47348863,Eólica
2026-04-18 00:00:00,21.183291800000006,Solar
2026-04-19 00:00:00,2.3494727099999997,Biomasa
2026-04-19 00:00:00,0.44883497999999994,Eólica
2026-04-19 00:00:00,20.601104579999998,Solar
2026-04-20 00:00:00,2.0432327999999997,Biomasa
2026-04-20 00:00:00,0.39086832,Eólica
2026-04-20 00:00:00,20.919190120000003,Solar
2026-04-21 00:00:00,1.8676509099999996,Biomasa
2026-04-21 00:00:00,0.49776945,Eólica
2026-04-21 00:00:00,18.57680281,Solar
2026-04-22 00:00:00,1.8872559099999997,Biomasa
2026-04-22 00:00:00,0.44603672,Eólica
2026-04-22 00:00:00,19.216331310000005,Solar
2026-04-23 00:00:00,2.30883298,Biomasa
2026-04-23 00:00:00,0.42263262,Eólica
2026-04-23 00:00:00,16.816923109999998,Solar
2026-04-24 00:00:00,2.4536376200000003,Biomasa
2026-04-24 00:00:00,0.18337267999999995,Eólica
2026-04-24 00:00:00,18.906196410000003,Solar
2026-04-25 00:00:00,2.4104691000000003,Biomasa
2026-04-25 00:00:00,0.03779481,Eólica
2026-04-25 00:00:00,18.429851609999996,Solar
2026-04-26 00:00:00,2.32462144,Biomasa
2026-04-26 00:00:00,0.31122793000000004,Eólica
2026-04-26 00:00:00,21.41685383999999,Solar
2026-04-27 00:00:00,2.07703311,Biomasa
2026-04-27 00:00:00,0.4479806599999999,Eólica
2026-04-27 00:00:00,20.033887830000005,Solar
2026-04-28 00:00:00,2.0995267500000003,Biomasa
2026-04-28 00:00:00,0.6272281500000001,Eólica
2026-04-28 00:00:00,19.53933429,Solar
2026-04-29 00:00:00,2.13173648,Biomasa
2026-04-29 00:00:00,0.70507195,Eólica
2026-04-29 00:00:00,15.915731980000002,Solar
2026-04-30 00:00:00,2.10862096,Biomasa
2026-04-30 00:00:00,0.65898829,Eólica
2026-04-30 00:00:00,19.74221275,Solar
