Fecha,Volumen Máximo Técnico [GWh],MOI  [GWh],MOS [GWh],Volumen [GWh],Volumen Útil diario [GWh],Capacidad Útil [GWh],Vertimientos [GWh],Volumen Útil diario %,Volumen %
2025-03-01 00:00:00,20071.780000000002,6194.969999999999,10820.300000000001,12249.95,9367.109999999999,17188.94,34.83,"54,49 %","61,03 %"
2025-03-02 00:00:00,20071.780000000002,6122.219999999999,10754.36,12210.33,9327.53,17188.94,38.019999999999996,"54,26 %","60,83 %"
2025-03-03 00:00:00,20071.780000000002,6049.429999999999,10688.41,12157.760000000002,9274.920000000002,17188.94,35.459999999999994,"53,96 %","60,57 %"
2025-03-04 00:00:00,20071.780000000002,5976.6900000000005,10622.479999999998,12144.310000000001,9261.480000000001,17188.94,33.629999999999995,"53,88 %","60,50 %"
2025-03-05 00:00:00,20071.780000000002,5903.95,10556.570000000002,12117.690000000002,9234.87,17188.94,32.99,"53,73 %","60,37 %"
2025-03-06 00:00:00,20071.780000000002,5831.179999999999,10490.6,12094.690000000002,9211.88,17188.94,39.12,"53,59 %","60,26 %"
2025-03-07 00:00:00,20071.780000000002,5758.419999999999,10424.66,12067.880000000001,9185.08,17188.94,43.650000000000006,"53,44 %","60,12 %"
2025-03-08 00:00:00,20071.780000000002,5685.66,10358.720000000001,12032.959999999997,9150.160000000002,17188.94,38.6,"53,23 %","59,95 %"
2025-03-09 00:00:00,20071.780000000002,5612.919999999998,10292.789999999999,11990.11,9107.31,17188.94,35.49,"52,98 %","59,74 %"
2025-03-10 00:00:00,20071.780000000002,5540.159999999999,10226.86,11907.579999999994,9024.769999999999,17188.94,37.41,"52,50 %","59,32 %"
2025-03-11 00:00:00,20071.780000000002,5467.429999999999,10160.93,11835.24,8952.42,17188.94,36.29,"52,08 %","58,96 %"
2025-03-12 00:00:00,20067.7,5394.649999999999,10094.999999999998,11803.65,8921.750000000002,17185.78,40.83,"51,91 %","58,82 %"
2025-03-13 00:00:00,20067.7,5321.900000000001,10029.05,11756.56,8874.65,17185.78,38.53,"51,64 %","58,58 %"
2025-03-14 00:00:00,20067.7,5249.139999999999,9963.11,11703.93,8821.999999999998,17185.78,54.85,"51,33 %","58,32 %"
2025-03-15 00:00:00,20067.7,5176.389999999999,9897.18,11645.649999999998,8763.750000000004,17185.78,60.64,"50,99 %","58,03 %"
2025-03-16 00:00:00,20067.7,5103.639999999999,9831.249999999998,11642.919999999998,8761.03,17185.78,51.96,"50,98 %","58,02 %"
2025-03-17 00:00:00,20067.7,5030.899999999999,9765.32,11679.330000000002,8797.449999999997,17185.78,50.14,"51,19 %","58,20 %"
2025-03-18 00:00:00,20067.7,4958.139999999999,9699.380000000001,11723.519999999999,8841.609999999999,17185.78,54.03,"51,45 %","58,42 %"
2025-03-19 00:00:00,20067.7,4885.37,9633.44,11690.610000000002,8808.739999999998,17185.78,50.309999999999995,"51,26 %","58,26 %"
2025-03-20 00:00:00,20067.7,4812.62,9567.5,11660.170000000002,8778.26,17185.78,45.71,"51,08 %","58,10 %"
2025-03-21 00:00:00,20067.7,4739.869999999999,9501.580000000002,11661.690000000002,8779.81,17185.78,48.89,"51,09 %","58,11 %"
2025-03-22 00:00:00,20067.7,4667.110000000001,9435.640000000003,11651.900000000001,8770.050000000001,17185.78,43.3,"51,03 %","58,06 %"
2025-03-23 00:00:00,20067.7,4594.370000000001,9369.71,11623.07,8741.19,17185.78,36.28,"50,86 %","57,92 %"
2025-03-24 00:00:00,20067.7,4521.620000000001,9303.78,11579.809999999994,8697.93,17185.78,29.94,"50,61 %","57,70 %"
2025-03-25 00:00:00,20067.7,4448.860000000001,9237.83,11504.609999999999,8622.730000000003,17185.78,25.860000000000003,"50,17 %","57,33 %"
2025-03-26 00:00:00,20067.7,4376.080000000001,9171.880000000001,11423.789999999997,8541.899999999998,17185.78,27.669999999999998,"49,70 %","56,93 %"
2025-03-27 00:00:00,20067.7,4303.34,9105.95,11360.289999999999,8478.439999999999,17185.78,24.73,"49,33 %","56,61 %"
2025-03-28 00:00:00,20067.7,4230.6,9040.040000000003,11322.23,8440.31,17185.78,21.27,"49,11 %","56,42 %"
2025-03-29 00:00:00,20067.7,4157.820000000001,8974.070000000002,11313.33,8431.439999999999,17185.78,26.17,"49,06 %","56,38 %"
2025-03-30 00:00:00,20067.7,4085.0599999999995,8908.14,11318.58,8436.66,17185.78,26.56,"49,09 %","56,40 %"
2025-03-31 00:00:00,20067.7,4012.3200000000006,8842.21,11345.46,8463.55,17185.78,39.07,"49,25 %","56,54 %"
2025-04-01 00:00:00,20067.7,3998.9300000000003,8828.18,11372.710000000003,8490.81,17185.78,35.5,"49,41 %","56,67 %"
2025-04-02 00:00:00,20067.7,3985.5399999999995,8814.14,11378.759999999998,8496.85,17185.78,49.85,"49,44 %","56,70 %"
2025-04-03 00:00:00,20067.7,3972.14,8800.110000000002,11386.260000000002,8504.330000000002,17185.78,43.410000000000004,"49,48 %","56,74 %"
2025-04-04 00:00:00,20067.7,3958.7900000000004,8786.120000000003,11410.689999999999,8528.779999999999,17185.78,41.870000000000005,"49,63 %","56,86 %"
2025-04-05 00:00:00,20067.7,3945.350000000001,8772.050000000001,11465.87,8583.98,17185.78,54.99,"49,95 %","57,14 %"
2025-04-06 00:00:00,20067.7,3931.9699999999993,8758.040000000003,11525.21,8643.33,17185.78,38.44,"50,29 %","57,43 %"
2025-04-07 00:00:00,20067.7,3918.6000000000004,8744.030000000002,11577.070000000002,8695.220000000001,17185.78,47.48,"50,60 %","57,69 %"
2025-04-08 00:00:00,20067.7,3905.2199999999993,8729.999999999998,11654.82,8772.949999999999,17185.78,55.1,"51,05 %","58,08 %"
2025-04-09 00:00:00,20069.850000000002,3891.8100000000004,8715.96,11698.070000000002,8814.689999999999,17186.469999999998,51.2,"51,29 %","58,29 %"
2025-04-10 00:00:00,20069.850000000002,3878.4200000000005,8701.940000000002,11864.44,8981.07,17186.469999999998,56.839999999999996,"52,26 %","59,12 %"
2025-04-11 00:00:00,20069.850000000002,3865.019999999999,8687.890000000001,12073.04,9189.689999999999,17186.469999999998,94.89,"53,47 %","60,16 %"
2025-04-12 00:00:00,20069.85,3851.65,8673.88,12171.019999999999,9287.68,17186.469999999998,92.41999999999999,"54,04 %","60,64 %"
2025-04-13 00:00:00,20069.85,3838.280000000001,8659.87,12212.399999999998,9329.03,17186.469999999998,60.900000000000006,"54,28 %","60,85 %"
2025-04-14 00:00:00,20069.85,3824.8899999999994,8645.85,12201.689999999999,9318.300000000001,17186.469999999998,51.74,"54,22 %","60,80 %"
2025-04-15 00:00:00,20069.85,3811.4800000000005,8631.8,12161.86,9278.51,17186.469999999998,45.66,"53,99 %","60,60 %"
2025-04-16 00:00:00,20069.85,3798.0699999999997,8617.759999999998,12111.92,9228.570000000003,17186.469999999998,43.58,"53,70 %","60,35 %"
2025-04-17 00:00:00,20069.850000000002,3784.6900000000005,8603.740000000002,12110.369999999999,9227.010000000004,17186.469999999998,34.62,"53,69 %","60,34 %"
2025-04-18 00:00:00,20069.850000000002,3771.310000000001,8589.73,12105.579999999998,9222.22,17186.469999999998,29.35,"53,66 %","60,32 %"
2025-04-19 00:00:00,20069.85,3757.9399999999996,8575.720000000001,12125.25,9241.900000000001,17186.469999999998,26.580000000000002,"53,77 %","60,42 %"
2025-04-20 00:00:00,20069.85,3744.54,8561.67,12258.43,9375.06,17186.469999999998,30.800000000000004,"54,55 %","61,08 %"
2025-04-21 00:00:00,20069.85,3731.17,8547.67,12293.019999999999,9409.660000000002,17186.469999999998,32.96,"54,75 %","61,25 %"
2025-04-22 00:00:00,20069.85,3717.7499999999995,8533.609999999999,12296.409999999996,9413.06,17186.469999999998,31.05,"54,77 %","61,27 %"
2025-04-23 00:00:00,20069.85,3704.36,8519.580000000002,12324.47,9441.1,17186.469999999998,29.59,"54,93 %","61,41 %"
2025-04-24 00:00:00,20069.85,3690.9900000000002,8505.569999999998,12402.320000000002,9518.969999999998,17186.469999999998,35.07,"55,39 %","61,80 %"
2025-04-25 00:00:00,20069.85,3677.5800000000004,8491.53,12457.04,9573.64,17186.469999999998,29.490000000000002,"55,70 %","62,07 %"
2025-04-26 00:00:00,20069.85,3664.190000000001,8477.490000000002,12603.42,9720.08,17186.469999999998,40.71000000000001,"56,56 %","62,80 %"
2025-04-27 00:00:00,20069.85,3650.8099999999995,8463.479999999998,12726.639999999998,9843.26,17186.469999999998,40.879999999999995,"57,27 %","63,41 %"
2025-04-28 00:00:00,20069.85,3637.42,8449.470000000001,12885.14,10001.79,17186.469999999998,57.099999999999994,"58,20 %","64,20 %"
2025-04-29 00:00:00,20069.850000000002,3624.0300000000007,8435.43,13010.630000000001,10127.259999999998,17186.469999999998,59.089999999999996,"58,93 %","64,83 %"
2025-04-30 00:00:00,20063.980000000003,3610.64,8421.4,13192.759999999997,10310.439999999999,17181.62,82.32999999999998,"60,01 %","65,75 %"
2025-05-01 00:00:00,20063.980000000003,3644.669999999999,8451.17,13291.429999999998,10409.100000000006,17181.62,104.41999999999999,"60,58 %","66,25 %"
2025-05-02 00:00:00,20063.980000000003,3678.7099999999996,8485.510000000002,13339.5,10457.179999999998,17181.619999999995,83.46,"60,86 %","66,48 %"
2025-05-03 00:00:00,20063.980000000003,3712.72,8519.82,13432.69,10550.369999999997,17181.619999999995,115.22,"61,40 %","66,95 %"
2025-05-04 00:00:00,20063.98,3746.75,8554.14,13489.900000000003,10607.570000000002,17181.62,111.73,"61,74 %","67,23 %"
2025-05-05 00:00:00,20063.98,3780.76,8588.470000000001,13627.190000000002,10744.88,17181.62,112.66,"62,54 %","67,92 %"
2025-05-06 00:00:00,20063.980000000003,3814.7900000000004,8622.79,13776.28,10893.92,17181.619999999995,126.83,"63,40 %","68,66 %"
2025-05-07 00:00:00,20064.13,3848.7999999999993,8657.100000000002,13921.95,11039.499999999998,17181.68,139.99,"64,25 %","69,39 %"
2025-05-08 00:00:00,20064.13,3882.8200000000006,8691.41,13992.359999999999,11109.980000000001,17181.68,121.43,"64,66 %","69,74 %"
2025-05-09 00:00:00,20064.13,3916.840000000001,8725.74,14036.51,11154.08,17181.68,128.53,"64,92 %","69,96 %"
2025-05-10 00:00:00,20064.13,3950.870000000001,8760.060000000001,14059.359999999999,11176.940000000002,17181.68,87.09,"65,05 %","70,07 %"
2025-05-11 00:00:00,20064.13,3984.890000000001,8794.390000000001,14103.109999999995,11220.669999999998,17181.68,82.05000000000001,"65,31 %","70,29 %"
2025-05-12 00:00:00,20064.13,4018.9100000000003,8828.710000000003,14104.119999999997,11221.68,17181.68,75.17,"65,31 %","70,30 %"
2025-05-13 00:00:00,20064.13,4052.9200000000005,8863.020000000002,14125.08,11242.67,17181.68,65.92,"65,43 %","70,40 %"
2025-05-14 00:00:00,20064.13,4086.9399999999996,8897.350000000004,14173.09,11290.660000000002,17181.68,59.44,"65,71 %","70,64 %"
2025-05-15 00:00:00,20064.13,4120.97,8931.67,14260.64,11378.199999999997,17181.68,60.79,"66,22 %","71,08 %"
2025-05-16 00:00:00,20064.13,4155.010000000001,8966.019999999999,14294.64,11412.210000000001,17181.68,73.61999999999999,"66,42 %","71,24 %"
2025-05-17 00:00:00,20064.13,4189.03,9000.330000000002,14475.92,11593.5,17181.68,99.86999999999999,"67,48 %","72,15 %"
2025-05-18 00:00:00,20064.13,4223.06,9034.66,14613.790000000003,11731.380000000001,17181.68,111.42,"68,28 %","72,84 %"
2025-05-19 00:00:00,20064.13,4257.080000000001,9068.97,14782.150000000001,11899.77,17181.68,106.7,"69,26 %","73,67 %"
2025-05-20 00:00:00,20064.13,4291.08,9103.290000000005,15003.130000000001,12120.710000000003,17181.68,116.33,"70,54 %","74,78 %"
2025-05-21 00:00:00,20064.13,4325.12,9137.62,15096.960000000001,12214.570000000003,17181.68,110.66000000000003,"71,09 %","75,24 %"
2025-05-22 00:00:00,20064.13,4359.14,9171.94,15206.750000000002,12324.3,17181.68,134.44000000000003,"71,73 %","75,79 %"
2025-05-23 00:00:00,20064.13,4393.17,9206.27,15204.500000000002,12322.09,17181.68,127.15000000000003,"71,72 %","75,78 %"
2025-05-24 00:00:00,20064.13,4427.180000000001,9240.589999999998,15254.129999999997,12371.730000000001,17181.68,99.91999999999999,"72,01 %","76,03 %"
2025-05-25 00:00:00,20064.129999999997,4461.200000000001,9274.890000000003,15263.18,12380.770000000002,17181.680000000004,81.66,"72,06 %","76,07 %"
2025-05-26 00:00:00,20064.129999999997,4495.21,9309.210000000003,15261.17,12378.749999999998,17181.680000000004,63.25000000000001,"72,05 %","76,06 %"
2025-05-27 00:00:00,20064.129999999997,4529.2300000000005,9343.539999999999,15329.44,12446.999999999998,17181.68,48.4,"72,44 %","76,40 %"
2025-05-28 00:00:00,20064.13,4563.259999999999,9377.86,15335.109999999999,12452.659999999996,17181.68,43.96,"72,48 %","76,43 %"
2025-05-29 00:00:00,20064.13,4597.26,9412.170000000002,15322.37,12439.949999999999,17181.68,35.65,"72,40 %","76,37 %"
2025-05-30 00:00:00,20064.13,4631.3099999999995,9446.51,15377.860000000002,12495.390000000001,17181.68,32.85,"72,73 %","76,64 %"
2025-05-31 00:00:00,20064.13,4665.3099999999995,9480.820000000002,15435.040000000003,12552.599999999999,17181.68,35.720000000000006,"73,06 %","76,93 %"
2025-06-01 00:00:00,20064.129999999997,4709.85,9515.730000000001,15641.250000000004,12758.84,17181.68,33.87,"74,26 %","77,96 %"
2025-06-02 00:00:00,20064.129999999997,4754.389999999999,9550.650000000001,15710.799999999997,12828.380000000001,17181.68,36.42,"74,66 %","78,30 %"
2025-06-03 00:00:00,20064.13,4798.939999999999,9585.570000000002,15737.309999999998,12854.880000000001,17181.68,61.79,"74,82 %","78,44 %"
2025-06-04 00:00:00,20064.13,4843.4800000000005,9620.5,15794.8,12912.33,17181.68,76.77000000000001,"75,15 %","78,72 %"
2025-06-05 00:00:00,20064.129999999997,4888,9655.389999999998,15820.17,12937.759999999998,17181.68,95.28000000000002,"75,30 %","78,85 %"
2025-06-06 00:00:00,20064.13,4932.5199999999995,9690.300000000001,15935.910000000002,13053.489999999998,17181.68,163.1,"75,97 %","79,42 %"
2025-06-07 00:00:00,20064.13,4977.08,9725.220000000001,15948.939999999995,13066.5,17181.68,173.58999999999997,"76,05 %","79,49 %"
2025-06-08 00:00:00,20064.129999999997,5021.610000000001,9760.140000000003,15964.76,13082.34,17181.68,87.17999999999999,"76,14 %","79,57 %"
2025-06-09 00:00:00,20064.129999999997,5066.17,9795.08,16029.460000000003,13147.06,17181.68,139.86,"76,52 %","79,89 %"
2025-06-10 00:00:00,20064.129999999997,5110.670000000001,9829.96,16110.120000000003,13227.699999999999,17181.68,157.95,"76,99 %","80,29 %"
2025-06-11 00:00:00,20064.13,5155.22,9864.879999999997,16152.7,13270.27,17181.68,133.21,"77,23 %","80,51 %"
2025-06-12 00:00:00,20064.129999999997,5199.79,9899.82,16185.390000000003,13302.97,17181.68,101.28,"77,43 %","80,67 %"
2025-06-13 00:00:00,20064.129999999997,5244.299999999999,9934.72,16274.740000000002,13392.279999999997,17181.68,133.85,"77,95 %","81,11 %"
2025-06-14 00:00:00,20064.13,5288.860000000001,9969.65,16369.27,13486.82,17181.68,180.54,"78,50 %","81,58 %"
2025-06-15 00:00:00,20064.13,5333.38,10004.55,16457.47,13575.05,17181.68,139.57,"79,01 %","82,02 %"
2025-06-16 00:00:00,20064.13,5377.900000000001,10039.44,16476.929999999997,13594.47,17181.680000000004,112.64999999999998,"79,12 %","82,12 %"
2025-06-17 00:00:00,20064.13,5422.4400000000005,10074.370000000003,16602.929999999997,13720.460000000001,17181.680000000004,129.57999999999998,"79,86 %","82,75 %"
2025-06-18 00:00:00,20064.13,5466.97,10109.270000000002,16682.579999999998,13800.130000000001,17181.680000000004,140.61,"80,32 %","83,15 %"
2025-06-19 00:00:00,20064.13,5511.5199999999995,10144.210000000003,16672.260000000002,13789.819999999998,17181.680000000004,95.48,"80,26 %","83,09 %"
2025-06-20 00:00:00,20064.13,5556.069999999999,10179.13,16674.869999999995,13792.450000000003,17181.680000000004,104.51,"80,27 %","83,11 %"
2025-06-21 00:00:00,20064.13,5600.58,10214.020000000004,16653.81,13771.379999999997,17181.680000000004,92.21000000000001,"80,15 %","83,00 %"
2025-06-22 00:00:00,20064.13,5645.129999999999,10248.95,16686.559999999998,13804.150000000003,17181.680000000004,84.61999999999999,"80,34 %","83,17 %"
2025-06-23 00:00:00,20064.13,5689.67,10283.870000000003,16772.95,13890.489999999998,17181.680000000004,116.92999999999999,"80,84 %","83,60 %"
2025-06-24 00:00:00,20064.13,5734.22,10318.79,16878.56,13996.129999999997,17181.680000000004,151.16,"81,46 %","84,12 %"
2025-06-25 00:00:00,20064.440000000002,5778.75,10353.700000000003,16860.410000000003,13977.91,17181.930000000004,144.35999999999999,"81,35 %","84,03 %"
2025-06-26 00:00:00,20064.440000000002,5823.260000000001,10388.59,16831.389999999996,13948.889999999998,17181.930000000004,91.71,"81,18 %","83,89 %"
2025-06-27 00:00:00,20064.44,5867.8,10423.51,16870.26,13987.76,17181.930000000004,133.95000000000002,"81,41 %","84,08 %"
2025-06-28 00:00:00,20064.44,5912.349999999999,10458.439999999999,16983.600000000002,14101.099999999997,17181.930000000004,118.27,"82,07 %","84,65 %"
2025-06-29 00:00:00,20064.44,5956.9000000000015,10493.36,16995.609999999997,14113.099999999999,17181.93,128.64000000000001,"82,14 %","84,71 %"
2025-06-30 00:00:00,20064.44,6001.429999999999,10528.27,17032.4,14149.9,17181.930000000004,119.81999999999998,"82,35 %","84,89 %"
2025-07-01 00:00:00,20074.569999999996,6047.070000000001,10561.12,17103.169999999995,14219.75,17191.160000000003,131.66,"82,72 %","85,20 %"
2025-07-02 00:00:00,20074.569999999996,6092.710000000001,10593.989999999998,17129.870000000003,14246.449999999999,17191.160000000003,128.97,"82,87 %","85,33 %"
2025-07-03 00:00:00,20074.569999999996,6138.359999999999,10626.840000000002,17190.34,14306.919999999998,17191.160000000003,149.25,"83,22 %","85,63 %"
2025-07-04 00:00:00,20074.57,6184,10659.710000000001,17184.980000000003,14301.55,17191.160000000003,153.27,"83,19 %","85,61 %"
2025-07-05 00:00:00,20074.569999999996,6229.63,10692.56,17180.989999999998,14297.57,17191.160000000003,147.70000000000002,"83,17 %","85,59 %"
2025-07-06 00:00:00,20074.569999999996,6275.299999999999,10725.43,17152.03,14268.619999999999,17191.160000000003,118.76,"83,00 %","85,44 %"
2025-07-07 00:00:00,20074.569999999996,6320.92,10758.279999999999,17076.810000000005,14193.380000000001,17191.160000000003,109.97,"82,56 %","85,07 %"
2025-07-08 00:00:00,20074.57,6366.569999999998,10791.140000000003,17042.51,14159.119999999999,17191.160000000003,56.97,"82,36 %","84,90 %"
2025-07-09 00:00:00,20076.190000000002,6412.22,10824.000000000002,17016.24,14132.519999999999,17192.460000000003,53.660000000000004,"82,20 %","84,76 %"
2025-07-10 00:00:00,20076.190000000002,6457.8499999999985,10856.840000000002,17019.190000000002,14135.489999999998,17192.460000000003,32.92,"82,22 %","84,77 %"
2025-07-11 00:00:00,20076.190000000002,6503.48,10889.7,17135.179999999993,14251.480000000001,17192.460000000003,102.46,"82,89 %","85,35 %"
2025-07-12 00:00:00,20076.190000000002,6549.120000000001,10922.539999999999,17163.010000000002,14279.27,17192.460000000003,134.4,"83,06 %","85,49 %"
2025-07-13 00:00:00,20076.190000000002,6594.789999999999,10955.43,17188.159999999996,14304.420000000002,17192.460000000003,133.11,"83,20 %","85,61 %"
2025-07-14 00:00:00,20076.190000000002,6640.43,10988.28,17212.17,14328.480000000001,17192.460000000003,134.99,"83,34 %","85,73 %"
2025-07-15 00:00:00,20076.190000000002,6686.069999999998,11021.140000000001,17156.170000000002,14272.449999999999,17192.460000000003,126.92999999999999,"83,02 %","85,46 %"
2025-07-16 00:00:00,20076.190000000002,6731.710000000001,11053.999999999998,17080.28,14196.55,17192.460000000003,99.3,"82,57 %","85,08 %"
2025-07-17 00:00:00,20076.190000000002,6777.350000000001,11086.850000000004,16987.480000000003,14103.759999999998,17192.460000000003,114.02,"82,03 %","84,62 %"
2025-07-18 00:00:00,20076.190000000002,6822.999999999999,11119.710000000003,16965.36,14081.61,17192.460000000003,115.99999999999999,"81,91 %","84,50 %"
2025-07-19 00:00:00,20076.190000000002,6868.649999999999,11152.59,17016.350000000006,14132.63,17192.460000000003,117.19999999999999,"82,20 %","84,76 %"
2025-07-20 00:00:00,20076.190000000002,6914.279999999999,11185.44,16983.6,14099.84,17192.460000000003,116.41,"82,01 %","84,60 %"
2025-07-21 00:00:00,20076.190000000002,6959.929999999999,11218.29,16981.089999999997,14097.369999999997,17192.460000000003,97.09,"82,00 %","84,58 %"
2025-07-22 00:00:00,20076.190000000002,7005.559999999999,11251.140000000001,16915.089999999997,14031.399999999998,17192.460000000003,95.45,"81,61 %","84,25 %"
2025-07-23 00:00:00,20076.190000000002,7051.199999999999,11283.989999999998,16874.05,13990.349999999999,17192.460000000003,85.86,"81,37 %","84,05 %"
2025-07-24 00:00:00,20076.190000000002,7096.849999999999,11316.859999999999,16814.27,13930.52,17192.460000000003,84.65,"81,03 %","83,75 %"
2025-07-25 00:00:00,20076.190000000002,7142.4800000000005,11349.700000000003,16790.98,13907.23,17192.460000000003,75.21000000000001,"80,89 %","83,64 %"
2025-07-26 00:00:00,20076.190000000002,7188.139999999998,11382.579999999996,16835.57,13951.8,17192.460000000003,40.63,"81,15 %","83,86 %"
2025-07-27 00:00:00,20076.19,7233.78,11415.43,16902.99,14019.249999999998,17192.46,25.53,"81,54 %","84,19 %"
2025-07-28 00:00:00,20076.19,7279.419999999999,11448.29,16965.910000000003,14082.190000000004,17192.460000000003,26.110000000000003,"81,91 %","84,51 %"
2025-07-29 00:00:00,20076.19,7325.059999999999,11481.15,17014.149999999998,14130.400000000001,17192.46,34.48,"82,19 %","84,75 %"
2025-07-30 00:00:00,20076.19,7370.72,11514.01,17016.159999999996,14132.42,17192.460000000003,72.17999999999999,"82,20 %","84,76 %"
2025-07-31 00:00:00,20059.579999999998,5848.79,5848.79,16946.52,14063.09,17178.69,56.16,"81,86 %","84,48 %"
2025-08-01 00:00:00,20059.580000000005,5879.35,5879.35,16897.67,14016.809999999998,17178.690000000002,44.89,"81,59 %","84,24 %"
2025-08-02 00:00:00,20059.629999999997,5910.140000000001,5910.140000000001,16900.26,14019.400000000001,17178.72,34.3,"81,61 %","84,25 %"
2025-08-03 00:00:00,20061.179999999997,5940.870000000001,5940.870000000001,16970.01,14089.14,17179.73,9.27,"82,01 %","84,59 %"
2025-08-04 00:00:00,20059.37,5971.599999999999,5971.599999999999,17035.649999999998,14154.25,17179.090000000004,6.84,"82,39 %","84,93 %"
2025-08-05 00:00:00,20060.15,6002.35,6002.35,17013.380000000005,14132.369999999999,17179.090000000004,7.8,"82,26 %","84,81 %"
2025-08-06 00:00:00,20060.149999999998,6033.1,6033.1,16968.290000000005,14087.21,17179.090000000004,11.17,"82,00 %","84,59 %"
2025-08-07 00:00:00,19985.66,6063.85,6063.85,16898.800000000003,14049.929999999998,17136.83,0,"81,99 %","84,55 %"
2025-08-08 00:00:00,19985.66,6094.620000000001,6094.620000000001,16909.64,14060.81,17136.83,17.54,"82,05 %","84,61 %"
2025-08-09 00:00:00,19985.11,6125.34,6125.34,16966.18,14117.800000000003,17136.7,18.94,"82,38 %","84,89 %"
2025-08-10 00:00:00,19985.11,6156.170000000001,6156.170000000001,16974.870000000003,14126.449999999997,17136.7,40.48,"82,43 %","84,94 %"
2025-08-11 00:00:00,19985.11,6186.88,6186.88,16994.75,14146.329999999998,17136.7,19.289999999999996,"82,55 %","85,04 %"
2025-08-12 00:00:00,19985.11,6217.600000000001,6217.600000000001,16971.39,14122.939999999997,17136.7,11.3,"82,41 %","84,92 %"
2025-08-13 00:00:00,19985.11,6248.37,6248.37,16935.28,14086.890000000003,17136.7,2.82,"82,20 %","84,74 %"
2025-08-14 00:00:00,19985.11,6279.119999999999,6279.119999999999,16888.33,14039.93,17136.7,2.67,"81,93 %","84,50 %"
2025-08-15 00:00:00,19985.11,6309.84,6309.84,16895.25,14046.840000000006,17136.7,2.41,"81,97 %","84,54 %"
2025-08-16 00:00:00,19985.11,6340.65,6340.65,16941.519999999997,14093.09,17136.7,2.59,"82,24 %","84,77 %"
2025-08-17 00:00:00,19985.11,6371.39,6371.39,16973.390000000003,14124.989999999996,17136.7,3.3400000000000003,"82,43 %","84,93 %"
2025-08-18 00:00:00,19985.11,6402.129999999999,6402.129999999999,17073.97,14225.539999999997,17136.7,3.51,"83,01 %","85,43 %"
2025-08-19 00:00:00,19985.11,6432.910000000001,6432.910000000001,17094.729999999996,14246.31,17136.7,0.92,"83,13 %","85,54 %"
2025-08-20 00:00:00,19993.8,6463.62,6463.62,17075.779999999995,14226.419999999998,17144.45,0.39,"82,98 %","85,41 %"
2025-08-21 00:00:00,19993.8,6494.360000000001,6494.360000000001,17096.279999999995,14246.919999999996,17144.45,1.89,"83,10 %","85,51 %"
2025-08-22 00:00:00,19993.8,6525.16,6525.16,17085.46,14236.119999999999,17144.45,1.97,"83,04 %","85,45 %"
2025-08-23 00:00:00,19993.800000000003,6555.909999999999,6555.909999999999,17095.3,14245.910000000002,17144.45,8.120000000000001,"83,09 %","85,50 %"
2025-08-24 00:00:00,19993.800000000003,6586.670000000001,6586.670000000001,17095.41,14246.03,17144.45,14.83,"83,09 %","85,50 %"
2025-08-25 00:00:00,19993.800000000003,6617.41,6617.41,17089.02,14239.659999999998,17144.45,13.290000000000001,"83,06 %","85,47 %"
2025-08-26 00:00:00,19993.800000000007,6648.15,6648.15,17063.499999999996,14214.129999999997,17144.45,23.91,"82,91 %","85,34 %"
2025-08-27 00:00:00,19993.8,6678.870000000001,6678.870000000001,17082.06,14232.689999999999,17144.45,10.33,"83,02 %","85,44 %"
2025-08-28 00:00:00,19993.8,6709.62,6709.62,17076.55,14227.2,17144.45,0.16,"82,98 %","85,41 %"
2025-08-29 00:00:00,19993.8,6740.379999999999,6740.379999999999,17039.15,14189.820000000002,17144.45,18.87,"82,77 %","85,22 %"
2025-08-30 00:00:00,19993.8,6771.16,6771.16,17022.85,14173.490000000002,17144.45,0.1,"82,67 %","85,14 %"
2025-08-31 00:00:00,19993.8,6801.88,6801.88,17036.96,14187.58,17144.45,15.67,"82,75 %","85,21 %"
2025-09-01 00:00:00,19993.8,6826.800000000001,6826.800000000001,17060.13,14210.78,17144.45,33.38,"82,89 %","85,33 %"
2025-09-02 00:00:00,19993.8,6851.719999999999,6851.719999999999,17107.03,14257.690000000002,17144.45,19.060000000000002,"83,16 %","85,56 %"
2025-09-03 00:00:00,19993.8,6876.629999999999,6876.629999999999,17176.3,14326.939999999999,17144.45,22.07,"83,57 %","85,91 %"
2025-09-04 00:00:00,19993.800000000003,6901.59,6901.59,17193.280000000002,14343.909999999998,17144.45,77.79,"83,67 %","85,99 %"
2025-09-05 00:00:00,19993.800000000003,6926.5,6926.5,17200.65,14351.309999999998,17144.45,37.8,"83,71 %","86,03 %"
2025-09-06 00:00:00,19993.800000000003,6951.450000000001,6951.450000000001,17195.24,14345.900000000003,17144.45,48.16,"83,68 %","86,00 %"
2025-09-07 00:00:00,19993.800000000003,6976.38,6976.38,17337.179999999997,14487.83,17144.45,29.36,"84,50 %","86,71 %"
2025-09-08 00:00:00,19993.800000000003,7001.33,7001.33,17360.100000000002,14510.740000000002,17144.45,47.949999999999996,"84,64 %","86,83 %"
2025-09-09 00:00:00,19993.800000000003,7026.220000000001,7026.220000000001,17312.550000000003,14463.169999999998,17144.45,44.54,"84,36 %","86,59 %"
2025-09-10 00:00:00,19992.910000000003,7051.12,7051.12,17241.2,14391.940000000002,17143.64,36.900000000000006,"83,95 %","86,24 %"
2025-09-11 00:00:00,19973.08,7076.060000000001,7076.060000000001,17212.000000000004,14362.7,17127.14,30.169999999999998,"83,86 %","86,18 %"
2025-09-12 00:00:00,19973.08,7101.0199999999995,7101.0199999999995,17154.429999999997,14305.17,17127.14,20.04,"83,52 %","85,89 %"
2025-09-13 00:00:00,19973.079999999998,7125.910000000001,7125.910000000001,17097.350000000002,14248.09,17127.14,6.1899999999999995,"83,19 %","85,60 %"
2025-09-14 00:00:00,19973.08,7150.860000000001,7150.860000000001,17114.13,14264.869999999999,17127.14,2.96,"83,29 %","85,69 %"
2025-09-15 00:00:00,19973.079999999998,7175.69,7175.69,17068.61,14219.330000000002,17127.14,6.790000000000001,"83,02 %","85,46 %"
2025-09-16 00:00:00,19973.079999999998,7200.649999999999,7200.649999999999,17022.760000000002,14173.509999999998,17127.14,5.68,"82,75 %","85,23 %"
2025-09-17 00:00:00,19973.08,7225.589999999999,7225.589999999999,16990.64,14141.350000000002,17127.14,1.72,"82,57 %","85,07 %"
2025-09-18 00:00:00,19973.08,7250.5,7250.5,17010.949999999997,14161.669999999998,17127.14,4.15,"82,69 %","85,17 %"
2025-09-19 00:00:00,19973.08,7275.449999999999,7275.449999999999,17013.97,14164.700000000003,17127.14,3.23,"82,70 %","85,18 %"
2025-09-20 00:00:00,19973.079999999998,7300.389999999999,7300.389999999999,17041.309999999998,14192.049999999996,17127.14,7.29,"82,86 %","85,32 %"
2025-09-21 00:00:00,19973.079999999998,7325.27,7325.27,17031.540000000005,14182.28,17127.14,13.6,"82,81 %","85,27 %"
2025-09-22 00:00:00,19973.079999999998,7350.179999999999,7350.179999999999,16989.09,14139.84,17127.14,5.22,"82,56 %","85,06 %"
2025-09-23 00:00:00,19973.08,7375.1399999999985,7375.1399999999985,16933.18,14083.930000000002,17127.14,0.5,"82,23 %","84,78 %"
2025-09-24 00:00:00,19973.08,7400.070000000001,7400.070000000001,16878.31,14029.06,17127.14,1.37,"81,91 %","84,51 %"
2025-09-25 00:00:00,19973.08,7424.91,7424.91,16861.740000000005,14012.49,17127.14,6.14,"81,81 %","84,42 %"
2025-09-26 00:00:00,19973.08,7449.920000000001,7449.920000000001,16805.250000000004,13956,17127.14,8.54,"81,48 %","84,14 %"
2025-09-27 00:00:00,19973.08,7474.860000000001,7474.860000000001,16771.82,13922.589999999998,17127.14,8.559999999999999,"81,29 %","83,97 %"
2025-09-28 00:00:00,19973.08,7499.7800000000025,7499.7800000000025,16788.489999999998,13939.219999999998,17127.14,6.02,"81,39 %","84,06 %"
2025-09-29 00:00:00,19973.08,7524.709999999999,7524.709999999999,16768.56,13919.28,17127.14,3.92,"81,27 %","83,96 %"
2025-09-30 00:00:00,19973.08,7549.590000000001,7549.590000000001,16784.86,13935.580000000002,17127.14,5.46,"81,37 %","84,04 %"
2025-10-01 00:00:00,19973.08,7576.469999999999,7576.469999999999,16748.51,13899.199999999999,17127.14,9.53,"81,15 %","83,86 %"
2025-10-02 00:00:00,19973.08,7603.370000000001,7603.370000000001,16744.52,13895.24,17127.14,12.09,"81,13 %","83,84 %"
2025-10-03 00:00:00,19973.08,7630.2300000000005,7630.2300000000005,16750.99,13901.729999999998,17127.14,11.45,"81,17 %","83,87 %"
2025-10-04 00:00:00,19973.080000000005,7657.13,7657.13,16717.150000000005,13867.87,17127.14,10.98,"80,97 %","83,70 %"
2025-10-05 00:00:00,19973.08,7684.000000000001,7684.000000000001,16728.2,13878.919999999996,17127.14,9.99,"81,03 %","83,75 %"
2025-10-06 00:00:00,19973.08,7710.89,7710.89,16729.02,13879.74,17127.14,4.97,"81,04 %","83,76 %"
2025-10-07 00:00:00,19973.08,7737.77,7737.77,16715,13865.73,17127.14,3.59,"80,96 %","83,69 %"
2025-10-08 00:00:00,19969.79,7764.64,7764.64,16742.559999999998,13894.51,17125.06,4.01,"81,14 %","83,84 %"
2025-10-09 00:00:00,19969.790000000005,7791.51,7791.51,16722.499999999996,13874.39,17125.06,5,"81,02 %","83,74 %"
2025-10-10 00:00:00,19969.790000000005,7818.450000000001,7818.450000000001,16764.13,13916.070000000002,17125.06,4.91,"81,26 %","83,95 %"
2025-10-11 00:00:00,19969.79,7845.33,7845.33,16797.370000000003,13949.27,17125.06,3.65,"81,46 %","84,11 %"
2025-10-12 00:00:00,19969.790000000005,7872.17,7872.17,16938.05,14089.959999999997,17125.06,14.8,"82,28 %","84,82 %"
2025-10-13 00:00:00,19969.790000000005,7899.030000000001,7899.030000000001,16968.900000000005,14120.810000000003,17125.06,32.04,"82,46 %","84,97 %"
2025-10-14 00:00:00,19969.790000000005,7925.88,7925.88,16954.62,14106.52,17125.06,26.63,"82,37 %","84,90 %"
2025-10-15 00:00:00,19969.790000000005,7952.81,7952.81,16932.22,14084.12,17125.06,20.659999999999997,"82,24 %","84,79 %"
2025-10-16 00:00:00,19969.790000000005,7979.76,7979.76,16950.280000000002,14102.209999999997,17125.06,20.650000000000002,"82,35 %","84,88 %"
2025-10-17 00:00:00,19969.790000000005,8006.669999999999,8006.669999999999,16989.350000000002,14141.250000000004,17125.06,19.71,"82,58 %","85,08 %"
2025-10-18 00:00:00,19969.790000000005,8033.52,8033.52,17046.969999999998,14198.880000000001,17125.06,24.770000000000003,"82,91 %","85,36 %"
2025-10-19 00:00:00,19969.790000000005,8060.380000000001,8060.380000000001,17104.97,14256.91,17125.06,27.82,"83,25 %","85,65 %"
2025-10-20 00:00:00,19969.790000000005,8087.23,8087.23,17123.83,14275.769999999999,17125.06,26.540000000000003,"83,36 %","85,75 %"
2025-10-21 00:00:00,19969.790000000005,8114.110000000001,8114.110000000001,17138.01,14289.96,17125.06,26.119999999999997,"83,44 %","85,82 %"
2025-10-22 00:00:00,19969.790000000005,8141.050000000001,8141.050000000001,17144.6,14296.529999999999,17125.06,36.84,"83,48 %","85,85 %"
2025-10-23 00:00:00,19969.79,8167.919999999999,8167.919999999999,17135.46,14287.390000000001,17125.06,47.55,"83,43 %","85,81 %"
2025-10-24 00:00:00,19969.79,8194.84,8194.84,17148.63,14300.589999999998,17125.06,54.730000000000004,"83,51 %","85,87 %"
2025-10-25 00:00:00,19969.79,8221.68,8221.68,17165.049999999996,14316.95,17125.06,52.900000000000006,"83,60 %","85,96 %"
2025-10-26 00:00:00,19969.79,8248.59,8248.59,17198.99,14350.949999999999,17125.06,51.28,"83,80 %","86,13 %"
2025-10-27 00:00:00,19969.79,8275.44,8275.44,17253.519999999997,14405.449999999997,17125.06,63.690000000000005,"84,12 %","86,40 %"
2025-10-28 00:00:00,19969.789999999997,8302.35,8302.35,17222.310000000005,14374.220000000001,17125.06,64.99,"83,94 %","86,24 %"
2025-10-29 00:00:00,19969.789999999997,8329.17,8329.17,17211.4,14363.33,17125.06,49.69,"83,87 %","86,19 %"
2025-10-30 00:00:00,19969.789999999997,8356.099999999999,8356.099999999999,17189.210000000003,14341.139999999998,17125.06,38.06999999999999,"83,74 %","86,08 %"
2025-10-31 00:00:00,19969.789999999997,8382.98,8382.98,17191.12,14343.01,17125.06,40.379999999999995,"83,75 %","86,09 %"
2025-11-01 00:00:00,19969.789999999997,8411.310000000001,8411.310000000001,17155.359999999997,14307.29,17125.06,40.29,"83,55 %","85,91 %"
2025-11-02 00:00:00,19969.789999999997,8439.73,8439.73,17144.82,14296.7,17125.06,36.03,"83,48 %","85,85 %"
2025-11-03 00:00:00,19969.789999999997,8468.07,8468.07,17156.53,14308.45,17125.06,35.91,"83,55 %","85,91 %"
2025-11-04 00:00:00,19969.789999999997,8496.4,8496.4,17130.490000000005,14282.429999999998,17125.06,32.31,"83,40 %","85,78 %"
2025-11-05 00:00:00,19969.789999999997,8524.83,8524.83,17114.62,14266.549999999997,17125.06,27.94,"83,31 %","85,70 %"
2025-11-06 00:00:00,19969.789999999997,8553.17,8553.17,17137.18,14289.090000000004,17125.06,27.750000000000004,"83,44 %","85,82 %"
2025-11-07 00:00:00,19969.790000000005,8581.51,8581.51,17098.140000000003,14250.029999999999,17125.06,26.92,"83,21 %","85,62 %"
2025-11-08 00:00:00,19969.790000000005,8609.89,8609.89,17066.469999999998,14218.400000000001,17125.06,12.120000000000001,"83,03 %","85,46 %"
2025-11-09 00:00:00,19969.790000000005,8638.22,8638.22,17077.510000000002,14229.429999999998,17125.06,11.270000000000001,"83,09 %","85,52 %"
2025-11-10 00:00:00,19969.790000000005,8666.62,8666.62,17093.949999999997,14249.19,17125.06,13.86,"83,21 %","85,60 %"
2025-11-11 00:00:00,19969.790000000005,8694.970000000001,8694.970000000001,17076.160000000003,14231.420000000002,17125.06,15.15,"83,10 %","85,51 %"
2025-11-12 00:00:00,19969.790000000005,8723.36,8723.36,17033.58,14185.500000000002,17125.06,11.52,"82,83 %","85,30 %"
2025-11-13 00:00:00,19969.790000000005,8751.7,8751.7,17035.35,14187.3,17125.06,22.47,"82,85 %","85,31 %"
2025-11-14 00:00:00,19969.790000000005,8780.099999999999,8780.099999999999,17129,14280.899999999998,17125.06,49.54,"83,39 %","85,77 %"
2025-11-15 00:00:00,19969.790000000005,8808.380000000001,8808.380000000001,17184.39,14336.35,17125.06,37.300000000000004,"83,72 %","86,05 %"
2025-11-16 00:00:00,19969.790000000005,8836.78,8836.78,17356.11,14508.040000000003,17125.06,61.39000000000001,"84,72 %","86,91 %"
2025-11-17 00:00:00,19969.790000000005,8865.19,8865.19,17520.539999999997,14672.459999999997,17125.06,68.74000000000001,"85,68 %","87,74 %"
2025-11-18 00:00:00,19969.790000000005,8893.54,8893.54,17539.16,14691.090000000004,17125.06,47.03,"85,79 %","87,83 %"
2025-11-19 00:00:00,19969.790000000005,8921.92,8921.92,17565.55,14720.790000000003,17125.06,43.25,"85,96 %","87,96 %"
2025-11-20 00:00:00,19969.790000000005,8950.27,8950.27,17564.329999999998,14719.57,17125.06,53.21,"85,95 %","87,95 %"
2025-11-21 00:00:00,19969.79,8978.67,8978.67,17554.53,14709.760000000002,17125.059999999998,49.36000000000001,"85,90 %","87,91 %"
2025-11-22 00:00:00,19969.79,9006.97,9006.97,17533.84,14689.11,17125.059999999998,37.86,"85,78 %","87,80 %"
2025-11-23 00:00:00,19969.79,9035.330000000002,9035.330000000002,17542.91,14698.170000000002,17125.059999999998,34.13,"85,83 %","87,85 %"
2025-11-24 00:00:00,19969.79,9063.72,9063.72,17527.86,14683.1,17125.059999999998,36.31,"85,74 %","87,77 %"
2025-11-25 00:00:00,19969.790000000005,9092.09,9092.09,17492.56,14647.839999999998,17125.06,40.99,"85,53 %","87,60 %"
2025-11-26 00:00:00,19969.790000000005,9120.470000000001,9120.470000000001,17442.199999999997,14597.47,17125.06,37.97,"85,24 %","87,34 %"
2025-11-27 00:00:00,19969.790000000005,9148.83,9148.83,17396.91,14552.179999999997,17125.06,36.95,"84,98 %","87,12 %"
2025-11-28 00:00:00,19969.790000000005,9177.150000000001,9177.150000000001,17383.7,14538.919999999996,17125.06,35.42000000000001,"84,90 %","87,05 %"
2025-11-29 00:00:00,19969.790000000005,9205.560000000001,9205.560000000001,17411.99,14567.25,17125.06,43.74,"85,06 %","87,19 %"
2025-11-30 00:00:00,19969.790000000005,9233.92,9233.92,17470.25,14625.500000000004,17125.06,38.25,"85,40 %","87,48 %"
2025-12-01 00:00:00,19829.520000000004,9469.96,9469.96,17371.960000000003,14436.029999999999,16893.59,25.19,"85,45 %","87,61 %"
2025-12-02 00:00:00,19829.520000000004,9451.94,9451.94,17398.75,14462.820000000002,16893.590000000004,46.51,"85,61 %","87,74 %"
2025-12-03 00:00:00,19829.520000000004,9433.939999999999,9433.939999999999,17376.350000000002,14440.390000000001,16893.590000000004,41.95,"85,48 %","87,63 %"
2025-12-04 00:00:00,19829.52,9415.859999999999,9415.859999999999,17378.379999999997,14442.44,16893.590000000004,40.40000000000001,"85,49 %","87,64 %"
2025-12-05 00:00:00,19829.52,9397.82,9397.82,17387.129999999997,14451.2,16893.590000000004,48.51,"85,54 %","87,68 %"
2025-12-06 00:00:00,19829.520000000004,9379.78,9379.78,17372.6,14436.640000000001,16893.59,38.220000000000006,"85,46 %","87,61 %"
2025-12-07 00:00:00,19829.520000000004,9361.75,9361.75,17383.519999999997,14447.609999999999,16893.590000000004,30.349999999999998,"85,52 %","87,66 %"
2025-12-08 00:00:00,19829.520000000004,9343.7,9343.7,17398.58,14462.630000000003,16893.590000000004,18.349999999999998,"85,61 %","87,74 %"
2025-12-09 00:00:00,19829.520000000004,9325.7,9325.7,17364.4,14428.46,16893.590000000004,14.08,"85,41 %","87,57 %"
2025-12-10 00:00:00,19829.520000000004,9307.66,9307.66,17314.24,14378.26,16893.590000000004,10.719999999999999,"85,11 %","87,32 %"
2025-12-11 00:00:00,19829.520000000004,9289.67,9289.67,17250.46,14314.519999999999,16893.590000000004,8.42,"84,73 %","86,99 %"
2025-12-12 00:00:00,19829.520000000004,9271.57,9271.57,17215.02,14279.08,16893.590000000004,10.750000000000002,"84,52 %","86,82 %"
2025-12-13 00:00:00,19829.520000000004,9253.56,9253.56,17151.07,14215.14,16893.590000000004,8.620000000000001,"84,15 %","86,49 %"
2025-12-14 00:00:00,19829.520000000004,9235.54,9235.54,17108.27,14172.3,16893.590000000004,7.33,"83,89 %","86,28 %"
2025-12-15 00:00:00,19829.520000000004,9217.560000000001,9217.560000000001,17049.079999999998,14113.149999999998,16893.590000000004,7.43,"83,54 %","85,98 %"
2025-12-16 00:00:00,19829.520000000004,9199.35,9199.35,17025.81,14089.869999999999,16893.590000000004,0.72,"83,40 %","85,86 %"
2025-12-17 00:00:00,19829.520000000004,9181.400000000001,9181.400000000001,17003.84,14067.919999999996,16893.590000000004,0.6799999999999999,"83,27 %","85,75 %"
2025-12-18 00:00:00,19829.520000000004,9163.330000000002,9163.330000000002,16966.78,14030.799999999997,16893.590000000004,3.32,"83,05 %","85,56 %"
2025-12-19 00:00:00,19829.520000000004,9145.35,9145.35,16932.639999999996,13996.69,16893.590000000004,6.33,"82,85 %","85,39 %"
2025-12-20 00:00:00,19829.520000000004,9127.22,9127.22,16922.6,13986.640000000001,16893.590000000004,1.32,"82,79 %","85,34 %"
2025-12-21 00:00:00,19829.520000000004,9109.24,9109.24,16902.56,13966.640000000001,16893.590000000004,4.65,"82,67 %","85,24 %"
2025-12-22 00:00:00,19829.520000000004,9091.19,9091.19,16876.9,13940.939999999999,16893.590000000004,9,"82,52 %","85,11 %"
2025-12-23 00:00:00,19829.520000000004,9073.2,9073.2,16829.23,13893.31,16893.590000000004,7.95,"82,24 %","84,87 %"
2025-12-24 00:00:00,19829.520000000004,9055.14,9055.14,16791.75,13855.820000000002,16893.590000000004,5.18,"82,02 %","84,68 %"
2025-12-25 00:00:00,19829.520000000004,9037.11,9037.11,16788.41,13852.490000000003,16893.590000000004,1.45,"82,00 %","84,66 %"
2025-12-26 00:00:00,19829.52,9019.07,9019.07,16742.31,13806.349999999999,16893.59,0,"81,73 %","84,43 %"
2025-12-27 00:00:00,19829.520000000004,9001.029999999997,9001.029999999997,16705.840000000004,13769.890000000001,16893.59,2.39,"81,51 %","84,25 %"
2025-12-28 00:00:00,19829.520000000004,8982.98,8982.98,16674.350000000002,13738.44,16893.59,7.9,"81,32 %","84,09 %"
2025-12-29 00:00:00,19829.520000000004,8964.97,8964.97,16604.98,13669.019999999999,16893.59,9.01,"80,91 %","83,74 %"
2025-12-30 00:00:00,19829.520000000004,8946.92,8946.92,16542.44,13606.490000000003,16893.59,7.51,"80,54 %","83,42 %"
2025-12-31 00:00:00,19829.520000000004,8928.95,8928.95,16500.469999999998,13564.580000000002,16893.59,2.11,"80,29 %","83,21 %"
2026-01-01 00:00:00,19829.52,8872.929999999998,8872.929999999998,16489.19,13553.269999999999,16893.59,0,"80,23 %","83,15 %"
2026-01-02 00:00:00,19829.52,8817.03,8817.03,16458.57,13522.66,16893.59,0,"80,05 %","83,00 %"
2026-01-03 00:00:00,19829.52,8760.99,8760.99,16443.889999999996,13507.920000000002,16893.59,0,"79,96 %","82,93 %"
2026-01-04 00:00:00,19829.52,8704.92,8704.92,16437.86,13501.93,16893.59,0,"79,92 %","82,90 %"
2026-01-05 00:00:00,19829.520000000004,8649.02,8649.02,16418.95,13483.05,16893.59,1.95,"79,81 %","82,80 %"
2026-01-06 00:00:00,19829.520000000004,8593.02,8593.02,16440.929999999997,13504.990000000002,16893.590000000004,6.6000000000000005,"79,94 %","82,91 %"
2026-01-07 00:00:00,19829.520000000004,8537.04,8537.04,16476.73,13540.780000000002,16893.59,8.03,"80,15 %","83,09 %"
2026-01-08 00:00:00,19843.870000000006,8481.019999999999,8481.019999999999,16444.94,13508.999999999996,16906.54,9.09,"79,90 %","82,87 %"
2026-01-09 00:00:00,19843.870000000006,8425.03,8425.03,16400.160000000003,13464.210000000005,16906.540000000005,10.63,"79,64 %","82,65 %"
2026-01-10 00:00:00,19843.870000000006,8369.06,8369.06,16389.270000000004,13453.329999999998,16906.540000000005,13.11,"79,57 %","82,59 %"
2026-01-11 00:00:00,19843.870000000006,8313.110000000002,8313.110000000002,16416.489999999998,13480.51,16906.540000000005,15.73,"79,74 %","82,73 %"
2026-01-12 00:00:00,19843.870000000006,8257.08,8257.08,16477.859999999997,13541.929999999997,16906.540000000005,35.21,"80,10 %","83,04 %"
2026-01-13 00:00:00,19843.870000000006,8201.019999999999,8201.019999999999,16496.280000000002,13560.310000000001,16906.54,45.46,"80,21 %","83,13 %"
2026-01-14 00:00:00,19843.870000000006,8145.129999999999,8145.129999999999,16517.06,13579.7,16906.54,43.52,"80,32 %","83,24 %"
2026-01-15 00:00:00,19843.870000000006,8089.1,8089.1,16514.11,13578.120000000003,16906.54,35.17999999999999,"80,31 %","83,22 %"
2026-01-16 00:00:00,19843.870000000006,8033.170000000002,8033.170000000002,16496.17,13560.24,16906.54,32.96,"80,21 %","83,13 %"
2026-01-17 00:00:00,19843.870000000006,7977.099999999999,7977.099999999999,16467.29,13531.329999999998,16906.54,26.540000000000003,"80,04 %","82,98 %"
2026-01-18 00:00:00,19843.870000000006,7921.1900000000005,7921.1900000000005,16436.46,13500.53,16906.54,23.270000000000003,"79,85 %","82,83 %"
2026-01-19 00:00:00,19843.870000000006,7865.160000000002,7865.160000000002,16366.060000000003,13430.100000000002,16906.540000000005,19.25,"79,44 %","82,47 %"
2026-01-20 00:00:00,19843.870000000006,7809.129999999999,7809.129999999999,16290.319999999998,13354.419999999998,16906.540000000005,19.4,"78,99 %","82,09 %"
2026-01-21 00:00:00,19843.870000000006,7753.1900000000005,7753.1900000000005,16210.370000000003,13274.380000000001,16906.540000000005,16.599999999999998,"78,52 %","81,69 %"
2026-01-22 00:00:00,19843.870000000006,7697.19,7697.19,16129.4,13193.45,16906.540000000005,12.59,"78,04 %","81,28 %"
2026-01-23 00:00:00,19843.870000000006,7641.240000000001,7641.240000000001,16058.319999999998,13122.39,16906.540000000005,13.76,"77,62 %","80,92 %"
2026-01-24 00:00:00,19843.870000000006,7585.22,7585.22,16014.649999999998,13078.7,16906.540000000005,14.26,"77,36 %","80,70 %"
2026-01-25 00:00:00,19843.870000000006,7529.209999999999,7529.209999999999,15960.35,13024.380000000001,16906.54,10.9,"77,04 %","80,43 %"
2026-01-26 00:00:00,19843.870000000006,7473.1900000000005,7473.1900000000005,15919.750000000002,12983.819999999996,16906.54,11.87,"76,80 %","80,23 %"
2026-01-27 00:00:00,19843.870000000006,7417.300000000001,7417.300000000001,15894.58,12958.620000000003,16906.54,15.88,"76,65 %","80,10 %"
2026-01-28 00:00:00,19843.870000000006,7361.270000000001,7361.270000000001,15872.2,12936.250000000002,16906.540000000005,21.610000000000003,"76,52 %","79,99 %"
2026-01-29 00:00:00,19843.870000000006,7305.21,7305.21,15870.769999999999,12934.839999999998,16906.540000000005,20.26,"76,51 %","79,98 %"
2026-01-30 00:00:00,19843.870000000006,7249.299999999999,7249.299999999999,15842.119999999997,12904.789999999999,16906.54,25.23,"76,33 %","79,83 %"
2026-01-31 00:00:00,19843.870000000006,7193.3,7193.3,15843.480000000001,12907.5,16906.540000000005,23.080000000000002,"76,35 %","79,84 %"
2026-02-01 00:00:00,19843.870000000006,7120.670000000001,7120.670000000001,15927.08,12991.119999999999,16906.54,30.74,"76,84 %","80,26 %"
2026-02-02 00:00:00,19843.870000000006,7048.14,7048.14,16021.410000000002,13084.050000000001,16906.54,58.82,"77,39 %","80,74 %"
2026-02-03 00:00:00,19843.870000000006,6975.539999999999,6975.539999999999,16006.68,13069.339999999998,16906.539999999997,71.42,"77,30 %","80,66 %"
2026-02-04 00:00:00,19829.520000000004,6903.08,6903.08,15959.25,13023.300000000001,16893.589999999997,70.93,"77,09 %","80,48 %"
2026-02-05 00:00:00,19829.520000000004,6830.45,6830.45,15884.56,12948.639999999998,16893.589999999997,69.30000000000001,"76,65 %","80,11 %"
2026-02-06 00:00:00,19829.520000000004,6757.900000000001,6757.900000000001,15898.080000000002,12962.11,16893.589999999997,53.63,"76,73 %","80,17 %"
2026-02-07 00:00:00,19829.520000000004,6685.27,6685.27,15887.96,12952.009999999998,16893.589999999997,48.11,"76,67 %","80,12 %"
2026-02-08 00:00:00,19829.52,6612.77,6612.77,15874.619999999999,12938.660000000002,16893.589999999997,50.64,"76,59 %","80,06 %"
2026-02-09 00:00:00,19829.52,6540.200000000001,6540.200000000001,15824.91,12888.970000000001,16893.589999999997,50.58,"76,30 %","79,80 %"
2026-02-10 00:00:00,19829.52,6467.640000000001,6467.640000000001,15753.919999999998,12818.01,16893.589999999997,48.06,"75,87 %","79,45 %"
2026-02-11 00:00:00,19829.52,6395.029999999999,6395.029999999999,15671.94,12735.96,16893.589999999997,46.6,"75,39 %","79,03 %"
2026-02-12 00:00:00,19829.52,6322.54,6322.54,15597.100000000004,12661.169999999996,16893.589999999997,33.06,"74,95 %","78,66 %"
2026-02-13 00:00:00,19829.52,6249.94,6249.94,15528.19,12592.229999999998,16893.589999999997,28.75,"74,54 %","78,31 %"
2026-02-14 00:00:00,19829.52,6177.329999999999,6177.329999999999,15475.120000000003,12539.22,16893.589999999997,32.19,"74,22 %","78,04 %"
2026-02-15 00:00:00,19829.52,6104.779999999999,6104.779999999999,15461.7,12525.779999999999,16893.589999999997,34.83,"74,15 %","77,97 %"
2026-02-16 00:00:00,19829.520000000004,6032.27,6032.27,15439.840000000004,12503.889999999998,16893.59,42.129999999999995,"74,02 %","77,86 %"
2026-02-17 00:00:00,19829.520000000004,5959.71,5959.71,15412.909999999998,12477,16893.59,42.199999999999996,"73,86 %","77,73 %"
2026-02-18 00:00:00,19829.520000000004,5887.109999999999,5887.109999999999,15450.729999999998,12514.789999999999,16893.59,33.82,"74,08 %","77,92 %"
2026-02-19 00:00:00,19829.520000000004,5814.540000000001,5814.540000000001,15417.879999999996,12481.9,16893.59,34.15,"73,89 %","77,75 %"
2026-02-20 00:00:00,19829.520000000004,5742.040000000001,5742.040000000001,15400.459999999997,12464.55,16893.59,34.7,"73,78 %","77,66 %"
2026-02-21 00:00:00,19829.520000000004,5669.450000000002,5669.450000000002,15377.37,12441.449999999999,16893.59,33.59,"73,65 %","77,55 %"
2026-02-22 00:00:00,19829.520000000004,5596.81,5596.81,15374.450000000003,12438.55,16893.59,37.86,"73,63 %","77,53 %"
2026-02-23 00:00:00,19829.520000000004,5524.29,5524.29,15368.580000000002,12432.65,16893.59,44.32,"73,59 %","77,50 %"
2026-02-24 00:00:00,19829.520000000004,5451.749999999998,5451.749999999998,15394.399999999998,12458.47,16893.59,55.12,"73,75 %","77,63 %"
2026-02-25 00:00:00,19829.520000000004,5379.220000000001,5379.220000000001,15402.260000000002,12466.3,16893.59,58.62,"73,79 %","77,67 %"
2026-02-26 00:00:00,19829.520000000004,5306.59,5306.59,15387.21,12451.25,16893.59,63.64,"73,70 %","77,60 %"
2026-02-27 00:00:00,19829.520000000004,5234.07,5234.07,15331.28,12395.3,16893.59,47.800000000000004,"73,37 %","77,32 %"
2026-02-28 00:00:00,19829.520000000004,5161.4800000000005,5161.4800000000005,15269.13,12333.17,16893.59,39.730000000000004,"73,01 %","77,00 %"
2026-03-01 00:00:00,19829.520000000004,5101.280000000001,5101.280000000001,15216.41,12280.440000000002,16893.59,50.67,"72,69 %","76,74 %"
2026-03-02 00:00:00,19829.520000000004,5041.110000000001,5041.110000000001,15142.52,12206.559999999998,16893.59,33.74,"72,26 %","76,36 %"
2026-03-03 00:00:00,19829.520000000004,4980.879999999999,4980.879999999999,15066.220000000001,12130.239999999996,16893.59,32.120000000000005,"71,80 %","75,98 %"
2026-03-04 00:00:00,19829.520000000004,4920.72,4920.72,14999.310000000001,12063.38,16893.59,28.92,"71,41 %","75,64 %"
2026-03-05 00:00:00,19829.520000000004,4860.459999999999,4860.459999999999,14927.570000000002,11991.629999999997,16893.590000000004,29.14,"70,98 %","75,28 %"
2026-03-06 00:00:00,19829.520000000004,4800.31,4800.31,14852.380000000001,11916.42,16893.590000000004,32.18,"70,54 %","74,90 %"
2026-03-07 00:00:00,19829.520000000004,4740.07,4740.07,14792.550000000001,11856.600000000002,16893.59,18.78,"70,18 %","74,60 %"
2026-03-08 00:00:00,19829.520000000004,4679.91,4679.91,14787.06,11851.09,16893.590000000004,24.849999999999998,"70,15 %","74,57 %"
2026-03-09 00:00:00,19829.520000000004,4619.6900000000005,4619.6900000000005,14724.649999999998,11788.710000000001,16893.590000000004,33.63,"69,78 %","74,26 %"
2026-03-10 00:00:00,19829.520000000004,4559.509999999999,4559.509999999999,14662.83,11726.869999999997,16893.590000000004,26.24,"69,42 %","73,94 %"
2026-03-11 00:00:00,19848.150000000005,4499.300000000001,4499.300000000001,14622.17,11682.55,16908.54,24.919999999999998,"69,09 %","73,67 %"
2026-03-12 00:00:00,19848.15,4439.129999999999,4439.129999999999,14552.529999999999,11612.91,16908.54,26.11,"68,68 %","73,32 %"
2026-03-13 00:00:00,19848.15,4378.89,4378.89,14484.959999999997,11545.34,16908.54,25.32,"68,28 %","72,98 %"
2026-03-14 00:00:00,19848.15,4318.72,4318.72,14419.940000000006,11480.349999999997,16908.54,22.9,"67,90 %","72,65 %"
2026-03-15 00:00:00,19848.15,4258.500000000001,4258.500000000001,14368.33,11428.730000000001,16908.54,22.09,"67,59 %","72,39 %"
2026-03-16 00:00:00,19848.15,4198.34,4198.34,14291.180000000002,11351.579999999998,16908.54,21.52,"67,14 %","72,00 %"
2026-03-17 00:00:00,19848.15,4138.11,4138.11,14215.920000000002,11276.310000000001,16908.54,21.64,"66,69 %","71,62 %"
2026-03-18 00:00:00,19848.15,4077.9300000000003,4077.9300000000003,14204.13,11264.510000000004,16908.54,22.54,"66,62 %","71,56 %"
2026-03-19 00:00:00,19848.15,4017.7000000000007,4017.7000000000007,14160.039999999997,11220.46,16908.54,26.76,"66,36 %","71,34 %"
2026-03-20 00:00:00,19848.15,3957.5199999999995,3957.5199999999995,14087.68,11148.050000000001,16908.54,23.19,"65,93 %","70,98 %"
2026-03-21 00:00:00,19848.15,3897.33,3897.33,14035.720000000003,11096.119999999997,16908.54,20.15,"65,62 %","70,72 %"
2026-03-22 00:00:00,19848.15,3837.1400000000003,3837.1400000000003,14021.720000000001,11082.130000000003,16908.54,19.45,"65,54 %","70,64 %"
2026-03-23 00:00:00,19848.15,3776.9300000000003,3776.9300000000003,13995.220000000003,11055.6,16908.54,19.49,"65,38 %","70,51 %"
2026-03-24 00:00:00,19848.15,3716.7599999999998,3716.7599999999998,13948.380000000003,11008.739999999996,16908.54,21.83,"65,11 %","70,28 %"
2026-03-25 00:00:00,19848.15,3656.53,3656.53,13895.55,10955.919999999995,16908.54,15.93,"64,80 %","70,01 %"
2026-03-26 00:00:00,19848.15,3596.39,3596.39,13846.500000000005,10906.89,16908.54,10.69,"64,51 %","69,76 %"
2026-03-27 00:00:00,19848.15,3536.109999999999,3536.109999999999,13814.099999999997,10874.469999999998,16908.54,10.76,"64,31 %","69,60 %"
2026-03-28 00:00:00,19848.15,3475.9900000000002,3475.9900000000002,13752.060000000001,10812.439999999999,16908.54,16.95,"63,95 %","69,29 %"
2026-03-29 00:00:00,19848.15,3415.7099999999996,3415.7099999999996,13721.619999999997,10782,16908.54,14.79,"63,77 %","69,13 %"
2026-03-30 00:00:00,19848.15,3355.57,3355.57,13694.730000000001,10755.090000000002,16908.54,13.3,"63,61 %","69,00 %"
2026-03-31 00:00:00,19848.15,3295.3400000000006,3295.3400000000006,13666.280000000004,10726.640000000001,16908.54,15.15,"63,44 %","68,85 %"
2026-04-01 00:00:00,19848.15,3278.26,3278.26,13637.940000000002,10698.310000000001,16908.54,11.71,"63,27 %","68,71 %"
2026-04-02 00:00:00,19848.15,3260.96,3260.96,13649.37,10709.76,16908.54,9.65,"63,34 %","68,77 %"
2026-04-03 00:00:00,19848.15,3243.9100000000003,3243.9100000000003,13645.77,10706.160000000002,16908.54,8.29,"63,32 %","68,75 %"
2026-04-04 00:00:00,19848.15,3226.7800000000007,3226.7800000000007,13620.040000000003,10680.43,16908.54,6.79,"63,17 %","68,62 %"
2026-04-05 00:00:00,19848.15,3209.59,3209.59,13636.159999999996,10696.539999999994,16908.54,6.32,"63,26 %","68,70 %"
2026-04-06 00:00:00,19848.15,3192.5099999999998,3192.5099999999998,13574.789999999999,10635.150000000001,16908.54,6.34,"62,90 %","68,39 %"
2026-04-07 00:00:00,19848.15,3175.35,3175.35,13528.74,10589.16,16908.54,7.93,"62,63 %","68,16 %"
2026-04-08 00:00:00,19848.15,3158.2400000000002,3158.2400000000002,13559.849999999997,10620.200000000003,16908.54,9.77,"62,81 %","68,32 %"
2026-04-09 00:00:00,19848.15,3141.03,3141.03,13525.51,10585.890000000003,16908.54,9.57,"62,61 %","68,14 %"
2026-04-10 00:00:00,19848.15,3123.9,3123.9,13467.670000000002,10528.039999999999,16908.54,0.87,"62,26 %","67,85 %"
2026-04-11 00:00:00,19848.15,3106.75,3106.75,13443.519999999999,10503.910000000002,16908.54,0,"62,12 %","67,73 %"
2026-04-12 00:00:00,19848.15,3089.5899999999997,3089.5899999999997,13409.42,10469.83,16908.54,0,"61,92 %","67,56 %"
2026-04-13 00:00:00,19848.15,3072.4799999999996,3072.4799999999996,13350.900000000003,10411.269999999999,16908.54,0,"61,57 %","67,27 %"
2026-04-14 00:00:00,19848.15,3055.32,3055.32,13307.440000000004,10367.84,16908.539999999997,3.84,"61,32 %","67,05 %"
2026-04-15 00:00:00,19839.870000000003,3038.11,3038.11,13283.93,10349.519999999997,16905.45,6.36,"61,22 %","66,96 %"
2026-04-16 00:00:00,19839.870000000003,3021.0900000000006,3021.0900000000006,13353.9,10419.470000000001,16905.45,13.48,"61,63 %","67,31 %"
2026-04-17 00:00:00,19839.870000000003,3003.94,3003.94,13474.319999999996,10539.890000000005,16905.45,20.94,"62,35 %","67,92 %"
2026-04-18 00:00:00,19839.870000000003,2986.7999999999997,2986.7999999999997,13528.02,10593.59,16905.45,30.080000000000002,"62,66 %","68,19 %"
2026-04-19 00:00:00,19839.870000000003,2969.6,2969.6,13550.85,10616.439999999995,16905.45,22.26,"62,80 %","68,30 %"
2026-04-20 00:00:00,19839.870000000003,2952.4699999999993,2952.4699999999993,13539.82,10605.41,16905.45,17.14,"62,73 %","68,25 %"
2026-04-21 00:00:00,19839.870000000003,2935.35,2935.35,13524.79,10590.369999999997,16905.45,17.11,"62,64 %","68,17 %"
2026-04-22 00:00:00,19839.870000000003,2918.14,2918.14,13495.48,10561.030000000002,16905.45,13.59,"62,47 %","68,02 %"
2026-04-23 00:00:00,19839.870000000003,2901.0699999999997,2901.0699999999997,13494.96,10560.56,16905.45,13.77,"62,47 %","68,02 %"
2026-04-24 00:00:00,19839.870000000003,2883.86,2883.86,13510.26,10575.830000000004,16905.45,9.38,"62,56 %","68,10 %"
2026-04-25 00:00:00,19839.870000000003,2866.68,2866.68,13584.380000000001,10649.920000000004,16905.45,7.89,"63,00 %","68,47 %"
2026-04-26 00:00:00,19839.870000000003,2849.62,2849.62,13679.380000000003,10744.96,16905.45,8.81,"63,56 %","68,95 %"
2026-04-27 00:00:00,19839.870000000003,2832.47,2832.47,13715.949999999999,10781.579999999998,16905.45,8.35,"63,78 %","69,13 %"
2026-04-28 00:00:00,19839.870000000003,2815.38,2815.38,13742.29,10807.869999999999,16905.45,9.22,"63,93 %","69,27 %"
2026-04-29 00:00:00,19839.870000000003,2798.13,2798.13,13792.090000000002,10857.699999999999,16905.45,13.329999999999998,"64,23 %","69,52 %"
2026-04-30 00:00:00,19839.870000000003,2781.04,2781.04,13758.730000000003,10824.289999999999,16905.45,9.27,"64,03 %","69,35 %"
2026-05-01 00:00:00,19854.220000000005,2817.1200000000003,2817.1200000000003,13750.44,10814.609999999995,16918.4,3.37,"63,92 %","69,26 %"
2026-05-02 00:00:00,19854.220000000005,2851.0099999999998,2851.0099999999998,13835.48,10899.609999999997,16918.4,7.66,"64,42 %","69,69 %"
